sub,condition,window,cluster,amplitude_uV
001,active,P1,occipital,6.687
001,active,P1,posterior,6.513
001,active,P1,parietal,4.383
001,active,P1,frontal,0.592
001,active,N1,occipital,12.964
001,active,N1,posterior,9.801
001,active,N1,parietal,5.808
001,active,N1,frontal,-1.865
001,active,P2,occipital,15.466
001,active,P2,posterior,13.999
001,active,P2,parietal,10.956
001,active,P2,frontal,-1.417
001,active,P3,occipital,11.124
001,active,P3,posterior,9.848
001,active,P3,parietal,6.446
001,active,P3,frontal,-3.903
001,active,Late,occipital,6.691
001,active,Late,posterior,5.878
001,active,Late,parietal,3.651
001,active,Late,frontal,-0.677
001,passive,P1,occipital,6.498
001,passive,P1,posterior,5.849
001,passive,P1,parietal,3.222
001,passive,P1,frontal,-1.229
001,passive,N1,occipital,11.235
001,passive,N1,posterior,8.155
001,passive,N1,parietal,3.614
001,passive,N1,frontal,-3.799
001,passive,P2,occipital,15.73
001,passive,P2,posterior,13.995
001,passive,P2,parietal,10.179
001,passive,P2,frontal,-0.724
001,passive,P3,occipital,12.523
001,passive,P3,posterior,11.099
001,passive,P3,parietal,6.83
001,passive,P3,frontal,-4.49
001,passive,Late,occipital,7.312
001,passive,Late,posterior,6.32
001,passive,Late,parietal,3.24
001,passive,Late,frontal,-2.674
002,active,P1,occipital,8.17
002,active,P1,posterior,4.597
002,active,P1,parietal,-1.0
002,active,P1,frontal,-5.214
002,active,N1,occipital,6.967
002,active,N1,posterior,4.062
002,active,N1,parietal,-1.418
002,active,N1,frontal,-5.342
002,active,P2,occipital,8.869
002,active,P2,posterior,4.387
002,active,P2,parietal,-3.457
002,active,P2,frontal,-8.031
002,active,P3,occipital,4.82
002,active,P3,posterior,1.947
002,active,P3,parietal,-3.289
002,active,P3,frontal,-5.032
002,active,Late,occipital,2.764
002,active,Late,posterior,0.838
002,active,Late,parietal,-2.346
002,active,Late,frontal,-3.251
002,passive,P1,occipital,7.04
002,passive,P1,posterior,3.993
002,passive,P1,parietal,-0.622
002,passive,P1,frontal,-3.525
002,passive,N1,occipital,5.335
002,passive,N1,posterior,3.17
002,passive,N1,parietal,-0.885
002,passive,N1,frontal,-3.474
002,passive,P2,occipital,8.176
002,passive,P2,posterior,4.354
002,passive,P2,parietal,-2.126
002,passive,P2,frontal,-5.525
002,passive,P3,occipital,5.643
002,passive,P3,posterior,2.707
002,passive,P3,parietal,-2.629
002,passive,P3,frontal,-4.366
002,passive,Late,occipital,3.189
002,passive,Late,posterior,1.566
002,passive,Late,parietal,-2.032
002,passive,Late,frontal,-2.596
003,active,P1,occipital,8.08
003,active,P1,posterior,7.077
003,active,P1,parietal,-0.991
003,active,P1,frontal,-6.719
003,active,N1,occipital,10.39
003,active,N1,posterior,10.009
003,active,N1,parietal,0.133
003,active,N1,frontal,-8.011
003,active,P2,occipital,13.375
003,active,P2,posterior,13.657
003,active,P2,parietal,-0.378
003,active,P2,frontal,-14.603
003,active,P3,occipital,8.877
003,active,P3,posterior,11.823
003,active,P3,parietal,-2.446
003,active,P3,frontal,-18.836
003,active,Late,occipital,7.429
003,active,Late,posterior,15.358
003,active,Late,parietal,4.074
003,active,Late,frontal,-23.133
003,passive,P1,occipital,8.774
003,passive,P1,posterior,6.348
003,passive,P1,parietal,-1.243
003,passive,P1,frontal,-7.794
003,passive,N1,occipital,11.984
003,passive,N1,posterior,9.659
003,passive,N1,parietal,0.222
003,passive,N1,frontal,-9.402
003,passive,P2,occipital,14.083
003,passive,P2,posterior,12.031
003,passive,P2,parietal,-1.45
003,passive,P2,frontal,-14.739
003,passive,P3,occipital,10.068
003,passive,P3,posterior,9.508
003,passive,P3,parietal,-2.992
003,passive,P3,frontal,-16.482
003,passive,Late,occipital,8.84
003,passive,Late,posterior,9.807
003,passive,Late,parietal,2.138
003,passive,Late,frontal,-13.006
004,active,P1,occipital,4.429
004,active,P1,posterior,3.608
004,active,P1,parietal,0.385
004,active,P1,frontal,-2.237
004,active,N1,occipital,3.457
004,active,N1,posterior,2.821
004,active,N1,parietal,-0.034
004,active,N1,frontal,-2.046
004,active,P2,occipital,11.032
004,active,P2,posterior,9.262
004,active,P2,parietal,3.245
004,active,P2,frontal,-3.433
004,active,P3,occipital,6.344
004,active,P3,posterior,5.721
004,active,P3,parietal,2.055
004,active,P3,frontal,-2.09
004,active,Late,occipital,3.522
004,active,Late,posterior,3.665
004,active,Late,parietal,1.936
004,active,Late,frontal,-0.644
004,passive,P1,occipital,2.8
004,passive,P1,posterior,2.365
004,passive,P1,parietal,-0.611
004,passive,P1,frontal,-2.913
004,passive,N1,occipital,2.204
004,passive,N1,posterior,1.868
004,passive,N1,parietal,-1.085
004,passive,N1,frontal,-3.727
004,passive,P2,occipital,9.794
004,passive,P2,posterior,8.3
004,passive,P2,parietal,2.551
004,passive,P2,frontal,-3.637
004,passive,P3,occipital,4.977
004,passive,P3,posterior,4.326
004,passive,P3,parietal,0.789
004,passive,P3,frontal,-2.988
004,passive,Late,occipital,2.439
004,passive,Late,posterior,2.367
004,passive,Late,parietal,0.189
004,passive,Late,frontal,-2.631
005,active,P1,occipital,2.485
005,active,P1,posterior,2.351
005,active,P1,parietal,-1.84
005,active,P1,frontal,-4.124
005,active,N1,occipital,10.338
005,active,N1,posterior,10.031
005,active,N1,parietal,1.477
005,active,N1,frontal,-8.089
005,active,P2,occipital,10.977
005,active,P2,posterior,10.879
005,active,P2,parietal,-2.546
005,active,P2,frontal,-14.396
005,active,P3,occipital,5.753
005,active,P3,posterior,7.21
005,active,P3,parietal,-3.249
005,active,P3,frontal,-13.258
005,active,Late,occipital,3.7
005,active,Late,posterior,4.643
005,active,Late,parietal,-0.473
005,active,Late,frontal,-5.295
005,passive,P1,occipital,1.541
005,passive,P1,posterior,1.099
005,passive,P1,parietal,-3.384
005,passive,P1,frontal,-4.309
005,passive,N1,occipital,8.477
005,passive,N1,posterior,8.214
005,passive,N1,parietal,-0.459
005,passive,N1,frontal,-8.929
005,passive,P2,occipital,10.798
005,passive,P2,posterior,10.44
005,passive,P2,parietal,-3.475
005,passive,P2,frontal,-15.461
005,passive,P3,occipital,6.445
005,passive,P3,posterior,7.959
005,passive,P3,parietal,-3.064
005,passive,P3,frontal,-13.699
005,passive,Late,occipital,3.133
005,passive,Late,posterior,4.592
005,passive,Late,parietal,-1.752
005,passive,Late,frontal,-6.652
006,active,P1,occipital,0.036
006,active,P1,posterior,0.835
006,active,P1,parietal,-0.384
006,active,P1,frontal,-1.944
006,active,N1,occipital,3.232
006,active,N1,posterior,2.748
006,active,N1,parietal,0.737
006,active,N1,frontal,-1.629
006,active,P2,occipital,5.871
006,active,P2,posterior,4.309
006,active,P2,parietal,-1.064
006,active,P2,frontal,-5.56
006,active,P3,occipital,2.227
006,active,P3,posterior,1.766
006,active,P3,parietal,-1.901
006,active,P3,frontal,-3.707
006,active,Late,occipital,-0.282
006,active,Late,posterior,-0.082
006,active,Late,parietal,-2.222
006,active,Late,frontal,-2.863
006,passive,P1,occipital,0.351
006,passive,P1,posterior,0.839
006,passive,P1,parietal,-0.458
006,passive,P1,frontal,-1.818
006,passive,N1,occipital,2.491
006,passive,N1,posterior,1.986
006,passive,N1,parietal,0.181
006,passive,N1,frontal,-1.823
006,passive,P2,occipital,5.871
006,passive,P2,posterior,4.361
006,passive,P2,parietal,-0.651
006,passive,P2,frontal,-5.259
006,passive,P3,occipital,1.681
006,passive,P3,posterior,1.209
006,passive,P3,parietal,-2.239
006,passive,P3,frontal,-4.092
006,passive,Late,occipital,-0.615
006,passive,Late,posterior,-0.498
006,passive,Late,parietal,-1.948
006,passive,Late,frontal,-2.273
007,active,P1,occipital,1.481
007,active,P1,posterior,1.603
007,active,P1,parietal,-0.323
007,active,P1,frontal,-2.866
007,active,N1,occipital,5.469
007,active,N1,posterior,4.517
007,active,N1,parietal,0.395
007,active,N1,frontal,-5.37
007,active,P2,occipital,6.789
007,active,P2,posterior,5.529
007,active,P2,parietal,-1.029
007,active,P2,frontal,-8.4
007,active,P3,occipital,5.546
007,active,P3,posterior,5.147
007,active,P3,parietal,0.059
007,active,P3,frontal,-7.56
007,active,Late,occipital,1.558
007,active,Late,posterior,2.081
007,active,Late,parietal,0.105
007,active,Late,frontal,-2.365
007,passive,P1,occipital,0.489
007,passive,P1,posterior,0.528
007,passive,P1,parietal,-1.421
007,passive,P1,frontal,-2.539
007,passive,N1,occipital,4.571
007,passive,N1,posterior,3.79
007,passive,N1,parietal,-0.519
007,passive,N1,frontal,-5.735
007,passive,P2,occipital,6.134
007,passive,P2,posterior,5.049
007,passive,P2,parietal,-1.376
007,passive,P2,frontal,-8.693
007,passive,P3,occipital,4.339
007,passive,P3,posterior,4.144
007,passive,P3,parietal,-0.474
007,passive,P3,frontal,-7.474
007,passive,Late,occipital,1.617
007,passive,Late,posterior,2.174
007,passive,Late,parietal,0.213
007,passive,Late,frontal,-1.837
008,active,P1,occipital,1.514
008,active,P1,posterior,1.825
008,active,P1,parietal,-1.557
008,active,P1,frontal,-5.058
008,active,N1,occipital,8.901
008,active,N1,posterior,6.955
008,active,N1,parietal,1.746
008,active,N1,frontal,-4.315
008,active,P2,occipital,13.489
008,active,P2,posterior,11.169
008,active,P2,parietal,3.381
008,active,P2,frontal,-8.224
008,active,P3,occipital,10.088
008,active,P3,posterior,8.575
008,active,P3,parietal,3.814
008,active,P3,frontal,-4.714
008,active,Late,occipital,9.304
008,active,Late,posterior,8.778
008,active,Late,parietal,6.254
008,active,Late,frontal,-1.351
008,passive,P1,occipital,1.435
008,passive,P1,posterior,1.418
008,passive,P1,parietal,-2.138
008,passive,P1,frontal,-5.164
008,passive,N1,occipital,8.657
008,passive,N1,posterior,6.635
008,passive,N1,parietal,0.604
008,passive,N1,frontal,-5.243
008,passive,P2,occipital,12.195
008,passive,P2,posterior,9.967
008,passive,P2,parietal,1.578
008,passive,P2,frontal,-8.951
008,passive,P3,occipital,9.205
008,passive,P3,posterior,7.86
008,passive,P3,parietal,2.14
008,passive,P3,frontal,-6.973
008,passive,Late,occipital,9.131
008,passive,Late,posterior,9.04
008,passive,Late,parietal,5.384
008,passive,Late,frontal,-4.076
009,active,P1,occipital,5.968
009,active,P1,posterior,3.056
009,active,P1,parietal,-4.613
009,active,P1,frontal,-10.036
009,active,N1,occipital,12.304
009,active,N1,posterior,8.251
009,active,N1,parietal,2.252
009,active,N1,frontal,-5.677
009,active,P2,occipital,8.741
009,active,P2,posterior,6.123
009,active,P2,parietal,-1.771
009,active,P2,frontal,-9.644
009,active,P3,occipital,7.485
009,active,P3,posterior,4.636
009,active,P3,parietal,-3.135
009,active,P3,frontal,-10.898
009,active,Late,occipital,5.052
009,active,Late,posterior,2.907
009,active,Late,parietal,-0.664
009,active,Late,frontal,-4.471
009,passive,P1,occipital,4.629
009,passive,P1,posterior,2.595
009,passive,P1,parietal,-4.136
009,passive,P1,frontal,-9.238
009,passive,N1,occipital,9.475
009,passive,N1,posterior,6.954
009,passive,N1,parietal,1.449
009,passive,N1,frontal,-6.126
009,passive,P2,occipital,6.462
009,passive,P2,posterior,5.164
009,passive,P2,parietal,-1.946
009,passive,P2,frontal,-9.633
009,passive,P3,occipital,4.717
009,passive,P3,posterior,3.638
009,passive,P3,parietal,-3.345
009,passive,P3,frontal,-11.105
009,passive,Late,occipital,0.957
009,passive,Late,posterior,1.312
009,passive,Late,parietal,-1.243
009,passive,Late,frontal,-5.315
010,active,P1,occipital,-3.358
010,active,P1,posterior,-2.997
010,active,P1,parietal,-3.917
010,active,P1,frontal,-3.347
010,active,N1,occipital,6.617
010,active,N1,posterior,5.472
010,active,N1,parietal,0.748
010,active,N1,frontal,-6.468
010,active,P2,occipital,8.766
010,active,P2,posterior,7.752
010,active,P2,parietal,0.536
010,active,P2,frontal,-10.369
010,active,P3,occipital,6.417
010,active,P3,posterior,6.178
010,active,P3,parietal,0.877
010,active,P3,frontal,-9.526
010,active,Late,occipital,4.377
010,active,Late,posterior,4.074
010,active,Late,parietal,1.322
010,active,Late,frontal,-7.19
010,passive,P1,occipital,-3.06
010,passive,P1,posterior,-1.778
010,passive,P1,parietal,-1.6
010,passive,P1,frontal,-0.827
010,passive,N1,occipital,5.308
010,passive,N1,posterior,5.003
010,passive,N1,parietal,1.588
010,passive,N1,frontal,-3.32
010,passive,P2,occipital,7.081
010,passive,P2,posterior,6.674
010,passive,P2,parietal,0.365
010,passive,P2,frontal,-6.016
010,passive,P3,occipital,4.816
010,passive,P3,posterior,5.182
010,passive,P3,parietal,0.209
010,passive,P3,frontal,-5.361
010,passive,Late,occipital,3.011
010,passive,Late,posterior,3.882
010,passive,Late,parietal,1.259
010,passive,Late,frontal,-1.32
011,active,P1,occipital,1.745
011,active,P1,posterior,4.01
011,active,P1,parietal,1.278
011,active,P1,frontal,-0.827
011,active,N1,occipital,12.988
011,active,N1,posterior,11.998
011,active,N1,parietal,4.352
011,active,N1,frontal,-3.986
011,active,P2,occipital,14.653
011,active,P2,posterior,14.925
011,active,P2,parietal,5.973
011,active,P2,frontal,-5.057
011,active,P3,occipital,9.661
011,active,P3,posterior,9.251
011,active,P3,parietal,2.27
011,active,P3,frontal,-4.05
011,active,Late,occipital,6.191
011,active,Late,posterior,5.987
011,active,Late,parietal,2.092
011,active,Late,frontal,-2.303
011,passive,P1,occipital,2.362
011,passive,P1,posterior,4.634
011,passive,P1,parietal,1.889
011,passive,P1,frontal,-0.798
011,passive,N1,occipital,13.137
011,passive,N1,posterior,12.132
011,passive,N1,parietal,3.916
011,passive,N1,frontal,-3.894
011,passive,P2,occipital,15.015
011,passive,P2,posterior,15.197
011,passive,P2,parietal,5.843
011,passive,P2,frontal,-5.405
011,passive,P3,occipital,9.834
011,passive,P3,posterior,9.147
011,passive,P3,parietal,1.032
011,passive,P3,frontal,-5.198
011,passive,Late,occipital,6.673
011,passive,Late,posterior,5.952
011,passive,Late,parietal,-0.002
011,passive,Late,frontal,-4.221
012,active,P1,occipital,1.741
012,active,P1,posterior,1.54
012,active,P1,parietal,-2.196
012,active,P1,frontal,-4.131
012,active,N1,occipital,8.611
012,active,N1,posterior,9.962
012,active,N1,parietal,4.173
012,active,N1,frontal,-6.112
012,active,P2,occipital,11.658
012,active,P2,posterior,12.425
012,active,P2,parietal,2.875
012,active,P2,frontal,-12.306
012,active,P3,occipital,7.442
012,active,P3,posterior,8.151
012,active,P3,parietal,1.39
012,active,P3,frontal,-12.277
012,active,Late,occipital,3.855
012,active,Late,posterior,4.545
012,active,Late,parietal,1.232
012,active,Late,frontal,-6.0
012,passive,P1,occipital,2.034
012,passive,P1,posterior,1.625
012,passive,P1,parietal,-1.788
012,passive,P1,frontal,-3.496
012,passive,N1,occipital,6.131
012,passive,N1,posterior,6.891
012,passive,N1,parietal,2.203
012,passive,N1,frontal,-4.183
012,passive,P2,occipital,9.636
012,passive,P2,posterior,9.987
012,passive,P2,parietal,2.025
012,passive,P2,frontal,-8.799
012,passive,P3,occipital,5.028
012,passive,P3,posterior,5.285
012,passive,P3,parietal,-0.243
012,passive,P3,frontal,-9.715
012,passive,Late,occipital,2.029
012,passive,Late,posterior,2.415
012,passive,Late,parietal,-0.297
012,passive,Late,frontal,-4.671
013,active,P1,occipital,7.219
013,active,P1,posterior,6.003
013,active,P1,parietal,0.637
013,active,P1,frontal,-3.824
013,active,N1,occipital,10.37
013,active,N1,posterior,7.291
013,active,N1,parietal,-0.134
013,active,N1,frontal,-7.497
013,active,P2,occipital,16.434
013,active,P2,posterior,11.378
013,active,P2,parietal,-3.389
013,active,P2,frontal,-19.077
013,active,P3,occipital,9.838
013,active,P3,posterior,6.698
013,active,P3,parietal,-5.53
013,active,P3,frontal,-17.174
013,active,Late,occipital,4.994
013,active,Late,posterior,3.293
013,active,Late,parietal,-4.485
013,active,Late,frontal,-12.407
013,passive,P1,occipital,7.04
013,passive,P1,posterior,5.894
013,passive,P1,parietal,1.185
013,passive,P1,frontal,-3.851
013,passive,N1,occipital,9.733
013,passive,N1,posterior,6.698
013,passive,N1,parietal,0.101
013,passive,N1,frontal,-6.425
013,passive,P2,occipital,16.501
013,passive,P2,posterior,11.349
013,passive,P2,parietal,-3.377
013,passive,P2,frontal,-18.559
013,passive,P3,occipital,10.764
013,passive,P3,posterior,7.313
013,passive,P3,parietal,-5.597
013,passive,P3,frontal,-18.068
013,passive,Late,occipital,6.769
013,passive,Late,posterior,4.998
013,passive,Late,parietal,-2.971
013,passive,Late,frontal,-11.872
014,active,P1,occipital,-2.534
014,active,P1,posterior,-0.126
014,active,P1,parietal,-0.326
014,active,P1,frontal,-0.554
014,active,N1,occipital,6.458
014,active,N1,posterior,6.574
014,active,N1,parietal,1.427
014,active,N1,frontal,-5.844
014,active,P2,occipital,6.078
014,active,P2,posterior,5.889
014,active,P2,parietal,-0.119
014,active,P2,frontal,-8.405
014,active,P3,occipital,2.644
014,active,P3,posterior,3.101
014,active,P3,parietal,-1.545
014,active,P3,frontal,-6.589
014,active,Late,occipital,0.008
014,active,Late,posterior,0.759
014,active,Late,parietal,-1.653
014,active,Late,frontal,-2.136
014,passive,P1,occipital,-2.07
014,passive,P1,posterior,-0.326
014,passive,P1,parietal,-0.993
014,passive,P1,frontal,-1.401
014,passive,N1,occipital,4.892
014,passive,N1,posterior,4.842
014,passive,N1,parietal,-0.013
014,passive,N1,frontal,-6.098
014,passive,P2,occipital,5.151
014,passive,P2,posterior,5.148
014,passive,P2,parietal,0.013
014,passive,P2,frontal,-7.028
014,passive,P3,occipital,2.682
014,passive,P3,posterior,3.165
014,passive,P3,parietal,-1.579
014,passive,P3,frontal,-6.945
014,passive,Late,occipital,0.519
014,passive,Late,posterior,1.334
014,passive,Late,parietal,-0.936
014,passive,Late,frontal,-2.383
017,active,P1,occipital,10.161
017,active,P1,posterior,9.78
017,active,P1,parietal,0.091
017,active,P1,frontal,-6.741
017,active,N1,occipital,33.323
017,active,N1,posterior,29.634
017,active,N1,parietal,6.947
017,active,N1,frontal,-13.934
017,active,P2,occipital,35.156
017,active,P2,posterior,32.63
017,active,P2,parietal,7.495
017,active,P2,frontal,-16.103
017,active,P3,occipital,23.499
017,active,P3,posterior,22.826
017,active,P3,parietal,2.431
017,active,P3,frontal,-16.793
017,active,Late,occipital,15.451
017,active,Late,posterior,14.731
017,active,Late,parietal,0.164
017,active,Late,frontal,-11.743
017,passive,P1,occipital,7.904
017,passive,P1,posterior,8.125
017,passive,P1,parietal,0.023
017,passive,P1,frontal,-5.468
017,passive,N1,occipital,28.764
017,passive,N1,posterior,25.912
017,passive,N1,parietal,6.481
017,passive,N1,frontal,-11.398
017,passive,P2,occipital,32.016
017,passive,P2,posterior,29.896
017,passive,P2,parietal,7.043
017,passive,P2,frontal,-13.91
017,passive,P3,occipital,20.896
017,passive,P3,posterior,20.597
017,passive,P3,parietal,2.626
017,passive,P3,frontal,-13.613
017,passive,Late,occipital,13.345
017,passive,Late,posterior,13.505
017,passive,Late,parietal,1.027
017,passive,Late,frontal,-8.404
018,active,P1,occipital,1.675
018,active,P1,posterior,1.736
018,active,P1,parietal,-0.12
018,active,P1,frontal,-2.32
018,active,N1,occipital,4.926
018,active,N1,posterior,4.995
018,active,N1,parietal,2.758
018,active,N1,frontal,-2.35
018,active,P2,occipital,10.432
018,active,P2,posterior,10.619
018,active,P2,parietal,6.619
018,active,P2,frontal,-5.76
018,active,P3,occipital,8.106
018,active,P3,posterior,8.793
018,active,P3,parietal,5.233
018,active,P3,frontal,-7.159
018,active,Late,occipital,3.324
018,active,Late,posterior,4.415
018,active,Late,parietal,2.3
018,active,Late,frontal,-4.055
018,passive,P1,occipital,1.441
018,passive,P1,posterior,1.084
018,passive,P1,parietal,-1.287
018,passive,P1,frontal,-1.826
018,passive,N1,occipital,3.912
018,passive,N1,posterior,3.713
018,passive,N1,parietal,1.108
018,passive,N1,frontal,-1.588
018,passive,P2,occipital,9.115
018,passive,P2,posterior,8.95
018,passive,P2,parietal,4.477
018,passive,P2,frontal,-5.445
018,passive,P3,occipital,7.034
018,passive,P3,posterior,7.159
018,passive,P3,parietal,2.545
018,passive,P3,frontal,-7.724
018,passive,Late,occipital,3.064
018,passive,Late,posterior,3.387
018,passive,Late,parietal,0.13
018,passive,Late,frontal,-4.519
019,active,P1,occipital,-6.452
019,active,P1,posterior,-2.593
019,active,P1,parietal,-3.149
019,active,P1,frontal,-2.159
019,active,N1,occipital,4.146
019,active,N1,posterior,-0.423
019,active,N1,parietal,-5.692
019,active,N1,frontal,-6.703
019,active,P2,occipital,8.761
019,active,P2,posterior,4.126
019,active,P2,parietal,-5.28
019,active,P2,frontal,-9.824
019,active,P3,occipital,2.543
019,active,P3,posterior,0.531
019,active,P3,parietal,-7.643
019,active,P3,frontal,-13.745
019,active,Late,occipital,-1.003
019,active,Late,posterior,-2.623
019,active,Late,parietal,-9.157
019,active,Late,frontal,-12.842
019,passive,P1,occipital,-8.559
019,passive,P1,posterior,-4.724
019,passive,P1,parietal,-4.625
019,passive,P1,frontal,-0.677
019,passive,N1,occipital,3.622
019,passive,N1,posterior,-0.638
019,passive,N1,parietal,-6.803
019,passive,N1,frontal,-7.669
019,passive,P2,occipital,9.46
019,passive,P2,posterior,4.787
019,passive,P2,parietal,-5.414
019,passive,P2,frontal,-10.079
019,passive,P3,occipital,2.313
019,passive,P3,posterior,0.291
019,passive,P3,parietal,-8.54
019,passive,P3,frontal,-13.312
019,passive,Late,occipital,0.49
019,passive,Late,posterior,-1.283
019,passive,Late,parietal,-7.822
019,passive,Late,frontal,-10.095
020,active,P1,occipital,4.033
020,active,P1,posterior,2.475
020,active,P1,parietal,-6.203
020,active,P1,frontal,-11.325
020,active,N1,occipital,19.951
020,active,N1,posterior,13.041
020,active,N1,parietal,-5.506
020,active,N1,frontal,-23.09
020,active,P2,occipital,16.577
020,active,P2,posterior,12.155
020,active,P2,parietal,-7.876
020,active,P2,frontal,-30.249
020,active,P3,occipital,12.614
020,active,P3,posterior,10.283
020,active,P3,parietal,-7.822
020,active,P3,frontal,-28.846
020,active,Late,occipital,11.235
020,active,Late,posterior,9.845
020,active,Late,parietal,-1.827
020,active,Late,frontal,-18.11
020,passive,P1,occipital,2.05
020,passive,P1,posterior,-0.394
020,passive,P1,parietal,-8.266
020,passive,P1,frontal,-11.428
020,passive,N1,occipital,16.302
020,passive,N1,posterior,8.534
020,passive,N1,parietal,-7.828
020,passive,N1,frontal,-21.678
020,passive,P2,occipital,13.626
020,passive,P2,posterior,8.839
020,passive,P2,parietal,-8.603
020,passive,P2,frontal,-27.305
020,passive,P3,occipital,10.926
020,passive,P3,posterior,7.731
020,passive,P3,parietal,-8.175
020,passive,P3,frontal,-26.105
020,passive,Late,occipital,8.75
020,passive,Late,posterior,6.72
020,passive,Late,parietal,-3.376
020,passive,Late,frontal,-15.848
021,active,P1,occipital,3.725
021,active,P1,posterior,3.995
021,active,P1,parietal,-1.349
021,active,P1,frontal,-8.753
021,active,N1,occipital,4.713
021,active,N1,posterior,4.914
021,active,N1,parietal,1.361
021,active,N1,frontal,-5.183
021,active,P2,occipital,3.977
021,active,P2,posterior,3.846
021,active,P2,parietal,-1.743
021,active,P2,frontal,-10.037
021,active,P3,occipital,2.205
021,active,P3,posterior,1.84
021,active,P3,parietal,-2.901
021,active,P3,frontal,-8.176
021,active,Late,occipital,-0.754
021,active,Late,posterior,-1.238
021,active,Late,parietal,-4.373
021,active,Late,frontal,-5.358
021,passive,P1,occipital,4.035
021,passive,P1,posterior,4.446
021,passive,P1,parietal,-0.426
021,passive,P1,frontal,-7.337
021,passive,N1,occipital,4.562
021,passive,N1,posterior,4.976
021,passive,N1,parietal,2.044
021,passive,N1,frontal,-4.411
021,passive,P2,occipital,3.963
021,passive,P2,posterior,4.066
021,passive,P2,parietal,-0.577
021,passive,P2,frontal,-7.529
021,passive,P3,occipital,2.623
021,passive,P3,posterior,2.433
021,passive,P3,parietal,-0.965
021,passive,P3,frontal,-5.132
021,passive,Late,occipital,0.78
021,passive,Late,posterior,0.41
021,passive,Late,parietal,-1.242
021,passive,Late,frontal,-1.934
022,active,P1,occipital,3.138
022,active,P1,posterior,4.616
022,active,P1,parietal,0.278
022,active,P1,frontal,-5.388
022,active,N1,occipital,9.071
022,active,N1,posterior,7.109
022,active,N1,parietal,-3.175
022,active,N1,frontal,-11.647
022,active,P2,occipital,11.277
022,active,P2,posterior,11.377
022,active,P2,parietal,-0.436
022,active,P2,frontal,-11.091
022,active,P3,occipital,9.137
022,active,P3,posterior,9.433
022,active,P3,parietal,-2.279
022,active,P3,frontal,-13.465
022,active,Late,occipital,4.69
022,active,Late,posterior,5.118
022,active,Late,parietal,-2.76
022,active,Late,frontal,-11.345
022,passive,P1,occipital,3.888
022,passive,P1,posterior,5.265
022,passive,P1,parietal,0.755
022,passive,P1,frontal,-3.598
022,passive,N1,occipital,9.378
022,passive,N1,posterior,7.243
022,passive,N1,parietal,-3.054
022,passive,N1,frontal,-10.673
022,passive,P2,occipital,12.243
022,passive,P2,posterior,12.256
022,passive,P2,parietal,1.143
022,passive,P2,frontal,-8.685
022,passive,P3,occipital,9.312
022,passive,P3,posterior,9.84
022,passive,P3,parietal,-1.243
022,passive,P3,frontal,-11.487
022,passive,Late,occipital,6.091
022,passive,Late,posterior,6.991
022,passive,Late,parietal,-0.642
022,passive,Late,frontal,-9.861
024,active,P1,occipital,1.793
024,active,P1,posterior,2.332
024,active,P1,parietal,-2.466
024,active,P1,frontal,-5.253
024,active,N1,occipital,4.556
024,active,N1,posterior,1.694
024,active,N1,parietal,-7.855
024,active,N1,frontal,-11.783
024,active,P2,occipital,5.026
024,active,P2,posterior,2.801
024,active,P2,parietal,-10.221
024,active,P2,frontal,-20.505
024,active,P3,occipital,6.273
024,active,P3,posterior,6.811
024,active,P3,parietal,-3.825
024,active,P3,frontal,-18.199
024,active,Late,occipital,3.622
024,active,Late,posterior,4.807
024,active,Late,parietal,-0.202
024,active,Late,frontal,-9.633
024,passive,P1,occipital,1.281
024,passive,P1,posterior,1.618
024,passive,P1,parietal,-2.758
024,passive,P1,frontal,-3.694
024,passive,N1,occipital,3.876
024,passive,N1,posterior,1.331
024,passive,N1,parietal,-6.957
024,passive,N1,frontal,-8.929
024,passive,P2,occipital,3.409
024,passive,P2,posterior,1.155
024,passive,P2,parietal,-10.323
024,passive,P2,frontal,-16.49
024,passive,P3,occipital,3.421
024,passive,P3,posterior,3.577
024,passive,P3,parietal,-6.096
024,passive,P3,frontal,-15.575
024,passive,Late,occipital,1.804
024,passive,Late,posterior,2.604
024,passive,Late,parietal,-2.387
024,passive,Late,frontal,-8.537
025,active,P1,occipital,6.951
025,active,P1,posterior,7.591
025,active,P1,parietal,1.336
025,active,P1,frontal,-9.573
025,active,N1,occipital,10.093
025,active,N1,posterior,11.501
025,active,N1,parietal,6.505
025,active,N1,frontal,-6.545
025,active,P2,occipital,12.957
025,active,P2,posterior,15.12
025,active,P2,parietal,9.928
025,active,P2,frontal,-6.217
025,active,P3,occipital,12.139
025,active,P3,posterior,14.745
025,active,P3,parietal,10.463
025,active,P3,frontal,-7.345
025,active,Late,occipital,6.298
025,active,Late,posterior,7.693
025,active,Late,parietal,4.599
025,active,Late,frontal,-6.512
025,passive,P1,occipital,7.143
025,passive,P1,posterior,8.035
025,passive,P1,parietal,1.735
025,passive,P1,frontal,-8.553
025,passive,N1,occipital,9.207
025,passive,N1,posterior,10.889
025,passive,N1,parietal,6.244
025,passive,N1,frontal,-4.817
025,passive,P2,occipital,11.561
025,passive,P2,posterior,13.884
025,passive,P2,parietal,9.055
025,passive,P2,frontal,-5.015
025,passive,P3,occipital,10.452
025,passive,P3,posterior,12.865
025,passive,P3,parietal,8.931
025,passive,P3,frontal,-7.786
025,passive,Late,occipital,5.548
025,passive,Late,posterior,7.302
025,passive,Late,parietal,4.582
025,passive,Late,frontal,-7.644
026,active,P1,occipital,0.615
026,active,P1,posterior,2.087
026,active,P1,parietal,0.2
026,active,P1,frontal,-1.97
026,active,N1,occipital,4.139
026,active,N1,posterior,4.913
026,active,N1,parietal,1.023
026,active,N1,frontal,-4.755
026,active,P2,occipital,8.475
026,active,P2,posterior,8.474
026,active,P2,parietal,-1.262
026,active,P2,frontal,-13.837
026,active,P3,occipital,5.837
026,active,P3,posterior,7.023
026,active,P3,parietal,-0.356
026,active,P3,frontal,-11.53
026,active,Late,occipital,3.29
026,active,Late,posterior,4.645
026,active,Late,parietal,0.402
026,active,Late,frontal,-8.96
026,passive,P1,occipital,1.76
026,passive,P1,posterior,3.094
026,passive,P1,parietal,0.289
026,passive,P1,frontal,-3.935
026,passive,N1,occipital,4.673
026,passive,N1,posterior,5.219
026,passive,N1,parietal,1.02
026,passive,N1,frontal,-5.019
026,passive,P2,occipital,8.221
026,passive,P2,posterior,8.465
026,passive,P2,parietal,-0.999
026,passive,P2,frontal,-13.993
026,passive,P3,occipital,6.047
026,passive,P3,posterior,7.315
026,passive,P3,parietal,0.324
026,passive,P3,frontal,-12.8
026,passive,Late,occipital,3.345
026,passive,Late,posterior,4.49
026,passive,Late,parietal,0.759
026,passive,Late,frontal,-9.513
