subject,condition,cluster,window,n,mean_amp_uv
001,active,occipital,lambda,901,5.703785
001,active,occipital,P1_frp,901,3.126249
001,active,occipital,N1_frp,901,-1.996704
001,active,occipital,P2_frp,901,-1.273728
001,active,occipital,Late_frp,901,-1.950511
001,active,posterior,lambda,901,3.92165
001,active,posterior,P1_frp,901,2.386831
001,active,posterior,N1_frp,901,-1.221857
001,active,posterior,P2_frp,901,-1.193331
001,active,posterior,Late_frp,901,-1.69042
001,active,parietal,lambda,901,1.473194
001,active,parietal,P1_frp,901,0.705057
001,active,parietal,N1_frp,901,-0.495773
001,active,parietal,P2_frp,901,-1.55994
001,active,parietal,Late_frp,901,-1.685525
001,active,frontal,lambda,901,-3.006614
001,active,frontal,P1_frp,901,-1.523907
001,active,frontal,N1_frp,901,0.628374
001,active,frontal,P2_frp,901,-0.762458
001,active,frontal,Late_frp,901,-0.039642
001,passive,occipital,lambda,599,6.444947
001,passive,occipital,P1_frp,599,3.608061
001,passive,occipital,N1_frp,599,-1.665067
001,passive,occipital,P2_frp,599,-0.190573
001,passive,occipital,Late_frp,599,-1.156931
001,passive,posterior,lambda,599,4.455296
001,passive,posterior,P1_frp,599,2.719826
001,passive,posterior,N1_frp,599,-1.040571
001,passive,posterior,P2_frp,599,-0.34983
001,passive,posterior,Late_frp,599,-1.051223
001,passive,parietal,lambda,599,2.007172
001,passive,parietal,P1_frp,599,0.958179
001,passive,parietal,N1_frp,599,-0.149063
001,passive,parietal,P2_frp,599,-0.738266
001,passive,parietal,Late_frp,599,-0.781418
001,passive,frontal,lambda,599,-1.808505
001,passive,frontal,P1_frp,599,-0.707898
001,passive,frontal,N1_frp,599,1.570652
001,passive,frontal,P2_frp,599,0.083263
001,passive,frontal,Late_frp,599,1.637306
001,constant,occipital,lambda,862,5.595642
001,constant,occipital,P1_frp,862,3.580576
001,constant,occipital,N1_frp,862,-1.099888
001,constant,occipital,P2_frp,862,0.593626
001,constant,occipital,Late_frp,862,-0.219118
001,constant,posterior,lambda,862,3.902087
001,constant,posterior,P1_frp,862,2.77165
001,constant,posterior,N1_frp,862,-0.454458
001,constant,posterior,P2_frp,862,0.533815
001,constant,posterior,Late_frp,862,0.038809
001,constant,parietal,lambda,862,1.502027
001,constant,parietal,P1_frp,862,1.023404
001,constant,parietal,N1_frp,862,0.189395
001,constant,parietal,P2_frp,862,0.073964
001,constant,parietal,Late_frp,862,0.209715
001,constant,frontal,lambda,862,-2.353908
001,constant,frontal,P1_frp,862,-0.964305
001,constant,frontal,N1_frp,862,1.143326
001,constant,frontal,P2_frp,862,-0.062865
001,constant,frontal,Late_frp,862,1.602832
002,active,occipital,lambda,957,5.643758
002,active,occipital,P1_frp,957,1.709854
002,active,occipital,N1_frp,957,-0.279676
002,active,occipital,P2_frp,957,0.103549
002,active,occipital,Late_frp,957,0.109487
002,active,posterior,lambda,957,3.065258
002,active,posterior,P1_frp,957,1.046639
002,active,posterior,N1_frp,957,0.16608
002,active,posterior,P2_frp,957,0.016366
002,active,posterior,Late_frp,957,0.297177
002,active,parietal,lambda,957,0.453017
002,active,parietal,P1_frp,957,-0.689735
002,active,parietal,N1_frp,957,0.193341
002,active,parietal,P2_frp,957,-0.646778
002,active,parietal,Late_frp,957,0.326751
002,active,frontal,lambda,957,-1.245922
002,active,frontal,P1_frp,957,-1.31364
002,active,frontal,N1_frp,957,0.700045
002,active,frontal,P2_frp,957,-0.333671
002,active,frontal,Late_frp,957,1.028918
002,passive,occipital,lambda,718,5.703832
002,passive,occipital,P1_frp,718,2.375546
002,passive,occipital,N1_frp,718,0.591517
002,passive,occipital,P2_frp,718,1.255744
002,passive,occipital,Late_frp,718,1.586397
002,passive,posterior,lambda,718,3.305987
002,passive,posterior,P1_frp,718,1.673115
002,passive,posterior,N1_frp,718,0.877551
002,passive,posterior,P2_frp,718,0.940923
002,passive,posterior,Late_frp,718,1.6562
002,passive,parietal,lambda,718,1.140506
002,passive,parietal,P1_frp,718,0.378387
002,passive,parietal,N1_frp,718,1.171791
002,passive,parietal,P2_frp,718,0.645583
002,passive,parietal,Late_frp,718,2.264126
002,passive,frontal,lambda,718,-0.914214
002,passive,frontal,P1_frp,718,-0.813132
002,passive,frontal,N1_frp,718,0.815681
002,passive,frontal,P2_frp,718,0.230738
002,passive,frontal,Late_frp,718,2.029057
002,constant,occipital,lambda,939,4.079293
002,constant,occipital,P1_frp,939,2.184982
002,constant,occipital,N1_frp,939,0.792696
002,constant,occipital,P2_frp,939,0.762237
002,constant,occipital,Late_frp,939,0.683381
002,constant,posterior,lambda,939,2.085069
002,constant,posterior,P1_frp,939,1.147741
002,constant,posterior,N1_frp,939,0.598107
002,constant,posterior,P2_frp,939,0.358031
002,constant,posterior,Late_frp,939,0.558591
002,constant,parietal,lambda,939,0.314655
002,constant,parietal,P1_frp,939,-0.475897
002,constant,parietal,N1_frp,939,0.28946
002,constant,parietal,P2_frp,939,-0.165722
002,constant,parietal,Late_frp,939,0.737705
002,constant,frontal,lambda,939,-1.072353
002,constant,frontal,P1_frp,939,-1.511657
002,constant,frontal,N1_frp,939,0.075611
002,constant,frontal,P2_frp,939,-0.451968
002,constant,frontal,Late_frp,939,0.937004
003,active,occipital,lambda,406,4.559198
003,active,occipital,P1_frp,406,2.584562
003,active,occipital,N1_frp,406,-1.459074
003,active,occipital,P2_frp,406,-0.448795
003,active,occipital,Late_frp,406,-1.228449
003,active,posterior,lambda,406,3.204735
003,active,posterior,P1_frp,406,2.200387
003,active,posterior,N1_frp,406,1.077295
003,active,posterior,P2_frp,406,1.147082
003,active,posterior,Late_frp,406,1.845338
003,active,parietal,lambda,406,0.250013
003,active,parietal,P1_frp,406,-0.619449
003,active,parietal,N1_frp,406,1.354067
003,active,parietal,P2_frp,406,-0.010295
003,active,parietal,Late_frp,406,1.432623
003,active,frontal,lambda,406,-2.372761
003,active,frontal,P1_frp,406,-3.388202
003,active,frontal,N1_frp,406,0.452347
003,active,frontal,P2_frp,406,-0.443275
003,active,frontal,Late_frp,406,1.196257
003,passive,occipital,lambda,576,3.693926
003,passive,occipital,P1_frp,576,2.084679
003,passive,occipital,N1_frp,576,-2.141896
003,passive,occipital,P2_frp,576,-1.599157
003,passive,occipital,Late_frp,576,-2.064714
003,passive,posterior,lambda,576,1.911599
003,passive,posterior,P1_frp,576,1.161056
003,passive,posterior,N1_frp,576,0.225956
003,passive,posterior,P2_frp,576,-0.514702
003,passive,posterior,Late_frp,576,-0.109056
003,passive,parietal,lambda,576,-0.276013
003,passive,parietal,P1_frp,576,-1.017415
003,passive,parietal,N1_frp,576,1.793757
003,passive,parietal,P2_frp,576,-0.467579
003,passive,parietal,Late_frp,576,0.948962
003,passive,frontal,lambda,576,-2.686644
003,passive,frontal,P1_frp,576,-3.663192
003,passive,frontal,N1_frp,576,0.928477
003,passive,frontal,P2_frp,576,-1.193842
003,passive,frontal,Late_frp,576,0.039275
003,constant,occipital,lambda,995,3.466452
003,constant,occipital,P1_frp,995,1.863718
003,constant,occipital,N1_frp,995,-1.160015
003,constant,occipital,P2_frp,995,-0.773794
003,constant,occipital,Late_frp,995,-0.99447
003,constant,posterior,lambda,995,1.445441
003,constant,posterior,P1_frp,995,0.653101
003,constant,posterior,N1_frp,995,0.378966
003,constant,posterior,P2_frp,995,-0.481585
003,constant,posterior,Late_frp,995,-0.1741
003,constant,parietal,lambda,995,-1.088408
003,constant,parietal,P1_frp,995,-2.207715
003,constant,parietal,N1_frp,995,1.223685
003,constant,parietal,P2_frp,995,-1.239329
003,constant,parietal,Late_frp,995,-0.361644
003,constant,frontal,lambda,995,-2.436124
003,constant,frontal,P1_frp,995,-3.618801
003,constant,frontal,N1_frp,995,1.190409
003,constant,frontal,P2_frp,995,-0.895143
003,constant,frontal,Late_frp,995,0.153338
004,active,occipital,lambda,3345,4.077802
004,active,occipital,P1_frp,3345,2.355479
004,active,occipital,N1_frp,3345,-0.462547
004,active,occipital,P2_frp,3345,0.20565
004,active,occipital,Late_frp,3345,-0.237265
004,active,posterior,lambda,3345,1.923886
004,active,posterior,P1_frp,3345,2.006199
004,active,posterior,N1_frp,3345,-0.171747
004,active,posterior,P2_frp,3345,0.122581
004,active,posterior,Late_frp,3345,-0.32259
004,active,parietal,lambda,3345,-0.148164
004,active,parietal,P1_frp,3345,0.30108
004,active,parietal,N1_frp,3345,0.468274
004,active,parietal,P2_frp,3345,-0.149092
004,active,parietal,Late_frp,3345,-0.166608
004,active,frontal,lambda,3345,-1.228793
004,active,frontal,P1_frp,3345,-1.005134
004,active,frontal,N1_frp,3345,0.773846
004,active,frontal,P2_frp,3345,-0.300502
004,active,frontal,Late_frp,3345,0.28581
004,passive,occipital,lambda,2646,3.806572
004,passive,occipital,P1_frp,2646,2.378797
004,passive,occipital,N1_frp,2646,-0.348522
004,passive,occipital,P2_frp,2646,0.392613
004,passive,occipital,Late_frp,2646,-0.18863
004,passive,posterior,lambda,2646,1.798837
004,passive,posterior,P1_frp,2646,2.01638
004,passive,posterior,N1_frp,2646,-0.119002
004,passive,posterior,P2_frp,2646,0.348436
004,passive,posterior,Late_frp,2646,-0.258888
004,passive,parietal,lambda,2646,-0.160001
004,passive,parietal,P1_frp,2646,0.308465
004,passive,parietal,N1_frp,2646,0.44906
004,passive,parietal,P2_frp,2646,0.051238
004,passive,parietal,Late_frp,2646,-0.051136
004,passive,frontal,lambda,2646,-1.116517
004,passive,frontal,P1_frp,2646,-0.98809
004,passive,frontal,N1_frp,2646,0.679305
004,passive,frontal,P2_frp,2646,-0.21751
004,passive,frontal,Late_frp,2646,0.410758
004,constant,occipital,lambda,2015,3.333204
004,constant,occipital,P1_frp,2015,2.420406
004,constant,occipital,N1_frp,2015,0.739391
004,constant,occipital,P2_frp,2015,0.945627
004,constant,occipital,Late_frp,2015,0.1414
004,constant,posterior,lambda,2015,1.6003
004,constant,posterior,P1_frp,2015,1.946947
004,constant,posterior,N1_frp,2015,0.658538
004,constant,posterior,P2_frp,2015,0.857911
004,constant,posterior,Late_frp,2015,0.064633
004,constant,parietal,lambda,2015,-0.173991
004,constant,parietal,P1_frp,2015,0.193204
004,constant,parietal,N1_frp,2015,0.358054
004,constant,parietal,P2_frp,2015,0.227029
004,constant,parietal,Late_frp,2015,0.003142
004,constant,frontal,lambda,2015,-1.04957
004,constant,frontal,P1_frp,2015,-1.061689
004,constant,frontal,N1_frp,2015,-0.141286
004,constant,frontal,P2_frp,2015,-0.448529
004,constant,frontal,Late_frp,2015,0.06751
005,active,occipital,lambda,1014,4.718286
005,active,occipital,P1_frp,1014,2.452958
005,active,occipital,N1_frp,1014,-1.032452
005,active,occipital,P2_frp,1014,-0.950141
005,active,occipital,Late_frp,1014,-2.115577
005,active,posterior,lambda,1014,1.648055
005,active,posterior,P1_frp,1014,1.852749
005,active,posterior,N1_frp,1014,0.277667
005,active,posterior,P2_frp,1014,-1.305326
005,active,posterior,Late_frp,1014,-1.778916
005,active,parietal,lambda,1014,-0.847629
005,active,parietal,P1_frp,1014,-0.144926
005,active,parietal,N1_frp,1014,1.441297
005,active,parietal,P2_frp,1014,-0.826468
005,active,parietal,Late_frp,1014,-0.097226
005,active,frontal,lambda,1014,-1.748961
005,active,frontal,P1_frp,1014,-1.343703
005,active,frontal,N1_frp,1014,1.829822
005,active,frontal,P2_frp,1014,0.142478
005,active,frontal,Late_frp,1014,1.814664
005,passive,occipital,lambda,1132,4.748438
005,passive,occipital,P1_frp,1132,2.606179
005,passive,occipital,N1_frp,1132,-0.631586
005,passive,occipital,P2_frp,1132,-0.333321
005,passive,occipital,Late_frp,1132,-1.561314
005,passive,posterior,lambda,1132,1.727758
005,passive,posterior,P1_frp,1132,1.97019
005,passive,posterior,N1_frp,1132,0.70858
005,passive,posterior,P2_frp,1132,-0.754388
005,passive,posterior,Late_frp,1132,-1.362231
005,passive,parietal,lambda,1132,-0.641578
005,passive,parietal,P1_frp,1132,-0.148554
005,passive,parietal,N1_frp,1132,1.880894
005,passive,parietal,P2_frp,1132,-0.515608
005,passive,parietal,Late_frp,1132,0.091716
005,passive,frontal,lambda,1132,-1.702354
005,passive,frontal,P1_frp,1132,-1.780561
005,passive,frontal,N1_frp,1132,1.714132
005,passive,frontal,P2_frp,1132,0.238629
005,passive,frontal,Late_frp,1132,1.790988
005,constant,occipital,lambda,1169,3.174676
005,constant,occipital,P1_frp,1169,2.000242
005,constant,occipital,N1_frp,1169,0.799455
005,constant,occipital,P2_frp,1169,0.543417
005,constant,occipital,Late_frp,1169,-1.026278
005,constant,posterior,lambda,1169,0.814112
005,constant,posterior,P1_frp,1169,1.421905
005,constant,posterior,N1_frp,1169,1.535995
005,constant,posterior,P2_frp,1169,0.064065
005,constant,posterior,Late_frp,1169,-0.860308
005,constant,parietal,lambda,1169,-1.183918
005,constant,parietal,P1_frp,1169,-0.669183
005,constant,parietal,N1_frp,1169,1.387017
005,constant,parietal,P2_frp,1169,-0.734085
005,constant,parietal,Late_frp,1169,-0.572482
005,constant,frontal,lambda,1169,-1.622814
005,constant,frontal,P1_frp,1169,-1.820047
005,constant,frontal,N1_frp,1169,0.685591
005,constant,frontal,P2_frp,1169,-0.734698
005,constant,frontal,Late_frp,1169,0.619812
006,active,occipital,lambda,423,2.436713
006,active,occipital,P1_frp,423,0.097939
006,active,occipital,N1_frp,423,0.08184
006,active,occipital,P2_frp,423,-0.937589
006,active,occipital,Late_frp,423,-1.506243
006,active,posterior,lambda,423,0.417742
006,active,posterior,P1_frp,423,-0.360624
006,active,posterior,N1_frp,423,0.440464
006,active,posterior,P2_frp,423,-0.892047
006,active,posterior,Late_frp,423,-1.328669
006,active,parietal,lambda,423,-1.60234
006,active,parietal,P1_frp,423,-1.37129
006,active,parietal,N1_frp,423,0.888127
006,active,parietal,P2_frp,423,-0.703932
006,active,parietal,Late_frp,423,-0.426627
006,active,frontal,lambda,423,-1.71311
006,active,frontal,P1_frp,423,-1.291778
006,active,frontal,N1_frp,423,0.823787
006,active,frontal,P2_frp,423,-0.090294
006,active,frontal,Late_frp,423,0.992327
006,passive,occipital,lambda,446,1.890611
006,passive,occipital,P1_frp,446,0.07458
006,passive,occipital,N1_frp,446,-0.409616
006,passive,occipital,P2_frp,446,-1.344885
006,passive,occipital,Late_frp,446,-1.608678
006,passive,posterior,lambda,446,0.362054
006,passive,posterior,P1_frp,446,-0.271342
006,passive,posterior,N1_frp,446,0.076854
006,passive,posterior,P2_frp,446,-1.167426
006,passive,posterior,Late_frp,446,-1.398305
006,passive,parietal,lambda,446,-1.344904
006,passive,parietal,P1_frp,446,-1.329173
006,passive,parietal,N1_frp,446,0.598768
006,passive,parietal,P2_frp,446,-0.943683
006,passive,parietal,Late_frp,446,-0.73899
006,passive,frontal,lambda,446,-1.720921
006,passive,frontal,P1_frp,446,-1.498057
006,passive,frontal,N1_frp,446,0.706406
006,passive,frontal,P2_frp,446,-0.214883
006,passive,frontal,Late_frp,446,0.116608
006,constant,occipital,lambda,491,0.619081
006,constant,occipital,P1_frp,491,-0.465279
006,constant,occipital,N1_frp,491,0.02976
006,constant,occipital,P2_frp,491,-0.783876
006,constant,occipital,Late_frp,491,-1.317296
006,constant,posterior,lambda,491,-0.087137
006,constant,posterior,P1_frp,491,-0.44146
006,constant,posterior,N1_frp,491,0.14293
006,constant,posterior,P2_frp,491,-0.704072
006,constant,posterior,Late_frp,491,-1.146264
006,constant,parietal,lambda,491,-1.033732
006,constant,parietal,P1_frp,491,-0.994161
006,constant,parietal,N1_frp,491,0.097378
006,constant,parietal,P2_frp,491,-0.896698
006,constant,parietal,Late_frp,491,-1.258242
006,constant,frontal,lambda,491,-1.092112
006,constant,frontal,P1_frp,491,-1.183947
006,constant,frontal,N1_frp,491,-0.286632
006,constant,frontal,P2_frp,491,-0.86325
006,constant,frontal,Late_frp,491,-0.968091
007,active,occipital,lambda,879,2.740109
007,active,occipital,P1_frp,879,0.834999
007,active,occipital,N1_frp,879,-0.655556
007,active,occipital,P2_frp,879,-1.39247
007,active,occipital,Late_frp,879,-1.484144
007,active,posterior,lambda,879,1.082383
007,active,posterior,P1_frp,879,0.695531
007,active,posterior,N1_frp,879,0.129355
007,active,posterior,P2_frp,879,-1.374471
007,active,posterior,Late_frp,879,-1.251132
007,active,parietal,lambda,879,-0.883207
007,active,parietal,P1_frp,879,-0.344348
007,active,parietal,N1_frp,879,0.474227
007,active,parietal,P2_frp,879,-1.03943
007,active,parietal,Late_frp,879,-0.385051
007,active,frontal,lambda,879,-3.886211
007,active,frontal,P1_frp,879,-3.176184
007,active,frontal,N1_frp,879,-1.052217
007,active,frontal,P2_frp,879,-0.493883
007,active,frontal,Late_frp,879,1.108751
007,passive,occipital,lambda,671,2.813902
007,passive,occipital,P1_frp,671,0.977464
007,passive,occipital,N1_frp,671,-0.395464
007,passive,occipital,P2_frp,671,-1.125373
007,passive,occipital,Late_frp,671,-1.487877
007,passive,posterior,lambda,671,1.357358
007,passive,posterior,P1_frp,671,0.961242
007,passive,posterior,N1_frp,671,0.480646
007,passive,posterior,P2_frp,671,-0.968618
007,passive,posterior,Late_frp,671,-1.192007
007,passive,parietal,lambda,671,-0.431122
007,passive,parietal,P1_frp,671,0.068856
007,passive,parietal,N1_frp,671,0.936346
007,passive,parietal,P2_frp,671,-0.468026
007,passive,parietal,Late_frp,671,-0.110963
007,passive,frontal,lambda,671,-3.532747
007,passive,frontal,P1_frp,671,-2.828833
007,passive,frontal,N1_frp,671,-0.637782
007,passive,frontal,P2_frp,671,-0.188741
007,passive,frontal,Late_frp,671,1.47307
007,constant,occipital,lambda,894,2.077995
007,constant,occipital,P1_frp,894,0.940329
007,constant,occipital,N1_frp,894,0.255922
007,constant,occipital,P2_frp,894,-0.701356
007,constant,occipital,Late_frp,894,-1.029562
007,constant,posterior,lambda,894,0.934604
007,constant,posterior,P1_frp,894,0.695918
007,constant,posterior,N1_frp,894,0.542359
007,constant,posterior,P2_frp,894,-0.785871
007,constant,posterior,Late_frp,894,-0.961609
007,constant,parietal,lambda,894,-0.779418
007,constant,parietal,P1_frp,894,-0.518255
007,constant,parietal,N1_frp,894,0.159215
007,constant,parietal,P2_frp,894,-0.991837
007,constant,parietal,Late_frp,894,-0.746739
007,constant,frontal,lambda,894,-4.633649
007,constant,frontal,P1_frp,894,-4.416063
007,constant,frontal,N1_frp,894,-2.818986
007,constant,frontal,P2_frp,894,-2.092794
007,constant,frontal,Late_frp,894,-0.678323
008,active,occipital,lambda,342,7.561195
008,active,occipital,P1_frp,342,0.10895
008,active,occipital,N1_frp,342,1.270678
008,active,occipital,P2_frp,342,2.306718
008,active,occipital,Late_frp,342,3.340707
008,active,posterior,lambda,342,5.406488
008,active,posterior,P1_frp,342,0.704276
008,active,posterior,N1_frp,342,2.256179
008,active,posterior,P2_frp,342,2.392706
008,active,posterior,Late_frp,342,3.901471
008,active,parietal,lambda,342,1.852773
008,active,parietal,P1_frp,342,1.688891
008,active,parietal,N1_frp,342,3.92602
008,active,parietal,P2_frp,342,3.201814
008,active,parietal,Late_frp,342,6.09786
008,active,frontal,lambda,342,-1.777397
008,active,frontal,P1_frp,342,1.72604
008,active,frontal,N1_frp,342,2.979597
008,active,frontal,P2_frp,342,1.846257
008,active,frontal,Late_frp,342,4.452959
008,passive,occipital,lambda,383,6.370486
008,passive,occipital,P1_frp,383,0.511373
008,passive,occipital,N1_frp,383,1.896303
008,passive,occipital,P2_frp,383,2.850738
008,passive,occipital,Late_frp,383,3.402622
008,passive,posterior,lambda,383,4.720138
008,passive,posterior,P1_frp,383,1.01325
008,passive,posterior,N1_frp,383,2.636374
008,passive,posterior,P2_frp,383,2.791012
008,passive,posterior,Late_frp,383,4.031449
008,passive,parietal,lambda,383,1.742886
008,passive,parietal,P1_frp,383,1.463051
008,passive,parietal,N1_frp,383,3.934447
008,passive,parietal,P2_frp,383,2.950573
008,passive,parietal,Late_frp,383,5.727544
008,passive,frontal,lambda,383,-1.772964
008,passive,frontal,P1_frp,383,0.975519
008,passive,frontal,N1_frp,383,2.795906
008,passive,frontal,P2_frp,383,1.182747
008,passive,frontal,Late_frp,383,4.076514
008,constant,occipital,lambda,418,6.105296
008,constant,occipital,P1_frp,418,2.348878
008,constant,occipital,N1_frp,418,3.494117
008,constant,occipital,P2_frp,418,3.49664
008,constant,occipital,Late_frp,418,5.183044
008,constant,posterior,lambda,418,4.64351
008,constant,posterior,P1_frp,418,2.393215
008,constant,posterior,N1_frp,418,3.830839
008,constant,posterior,P2_frp,418,3.258714
008,constant,posterior,Late_frp,418,5.358889
008,constant,parietal,lambda,418,2.35992
008,constant,parietal,P1_frp,418,2.402575
008,constant,parietal,N1_frp,418,4.741106
008,constant,parietal,P2_frp,418,3.775388
008,constant,parietal,Late_frp,418,6.69645
008,constant,frontal,lambda,418,-1.004249
008,constant,frontal,P1_frp,418,0.763308
008,constant,frontal,N1_frp,418,2.413498
008,constant,frontal,P2_frp,418,1.248568
008,constant,frontal,Late_frp,418,3.101071
009,active,occipital,lambda,674,3.130184
009,active,occipital,P1_frp,674,1.143029
009,active,occipital,N1_frp,674,-0.438183
009,active,occipital,P2_frp,674,-1.151985
009,active,occipital,Late_frp,674,-1.525066
009,active,posterior,lambda,674,1.393316
009,active,posterior,P1_frp,674,0.66833
009,active,posterior,N1_frp,674,0.522944
009,active,posterior,P2_frp,674,-0.892874
009,active,posterior,Late_frp,674,-1.026972
009,active,parietal,lambda,674,-1.028194
009,active,parietal,P1_frp,674,-0.698787
009,active,parietal,N1_frp,674,1.647932
009,active,parietal,P2_frp,674,-0.485515
009,active,parietal,Late_frp,674,0.140666
009,active,frontal,lambda,674,-3.430646
009,active,frontal,P1_frp,674,-1.516996
009,active,frontal,N1_frp,674,1.872736
009,active,frontal,P2_frp,674,0.320659
009,active,frontal,Late_frp,674,1.73704
009,passive,occipital,lambda,705,2.43482
009,passive,occipital,P1_frp,705,1.42125
009,passive,occipital,N1_frp,705,-1.131426
009,passive,occipital,P2_frp,705,-1.744979
009,passive,occipital,Late_frp,705,-3.364414
009,passive,posterior,lambda,705,0.940732
009,passive,posterior,P1_frp,705,0.755487
009,passive,posterior,N1_frp,705,0.001335
009,passive,posterior,P2_frp,705,-1.311378
009,passive,posterior,Late_frp,705,-2.19125
009,passive,parietal,lambda,705,-1.255314
009,passive,parietal,P1_frp,705,-1.260815
009,passive,parietal,N1_frp,705,1.118725
009,passive,parietal,P2_frp,705,-0.897444
009,passive,parietal,Late_frp,705,-0.532968
009,passive,frontal,lambda,705,-3.803713
009,passive,frontal,P1_frp,705,-3.307267
009,passive,frontal,N1_frp,705,1.101806
009,passive,frontal,P2_frp,705,-0.721993
009,passive,frontal,Late_frp,705,0.840635
009,constant,occipital,lambda,812,2.716942
009,constant,occipital,P1_frp,812,1.639102
009,constant,occipital,N1_frp,812,0.579003
009,constant,occipital,P2_frp,812,-0.611015
009,constant,occipital,Late_frp,812,-2.003474
009,constant,posterior,lambda,812,1.349506
009,constant,posterior,P1_frp,812,1.07249
009,constant,posterior,N1_frp,812,1.168396
009,constant,posterior,P2_frp,812,-0.417424
009,constant,posterior,Late_frp,812,-1.041212
009,constant,parietal,lambda,812,-0.771062
009,constant,parietal,P1_frp,812,-0.621354
009,constant,parietal,N1_frp,812,1.692026
009,constant,parietal,P2_frp,812,-0.390246
009,constant,parietal,Late_frp,812,0.176683
009,constant,frontal,lambda,812,-3.12804
009,constant,frontal,P1_frp,812,-2.423546
009,constant,frontal,N1_frp,812,0.598489
009,constant,frontal,P2_frp,812,-0.694554
009,constant,frontal,Late_frp,812,0.822392
010,active,occipital,lambda,1016,0.436477
010,active,occipital,P1_frp,1016,-0.288601
010,active,occipital,N1_frp,1016,1.346802
010,active,occipital,P2_frp,1016,0.200546
010,active,occipital,Late_frp,1016,-0.38976
010,active,posterior,lambda,1016,-0.620467
010,active,posterior,P1_frp,1016,-0.427547
010,active,posterior,N1_frp,1016,1.927317
010,active,posterior,P2_frp,1016,0.218964
010,active,posterior,Late_frp,1016,-0.271085
010,active,parietal,lambda,1016,-2.456843
010,active,parietal,P1_frp,1016,-1.52914
010,active,parietal,N1_frp,1016,2.321919
010,active,parietal,P2_frp,1016,0.334409
010,active,parietal,Late_frp,1016,0.313733
010,active,frontal,lambda,1016,-2.692366
010,active,frontal,P1_frp,1016,-1.99208
010,active,frontal,N1_frp,1016,1.153414
010,active,frontal,P2_frp,1016,0.318634
010,active,frontal,Late_frp,1016,1.481701
010,passive,occipital,lambda,1152,0.025058
010,passive,occipital,P1_frp,1152,-0.48005
010,passive,occipital,N1_frp,1152,0.978061
010,passive,occipital,P2_frp,1152,0.000806
010,passive,occipital,Late_frp,1152,-0.488897
010,passive,posterior,lambda,1152,-0.897892
010,passive,posterior,P1_frp,1152,-0.558419
010,passive,posterior,N1_frp,1152,1.600562
010,passive,posterior,P2_frp,1152,0.03408
010,passive,posterior,Late_frp,1152,-0.303554
010,passive,parietal,lambda,1152,-2.49884
010,passive,parietal,P1_frp,1152,-1.629105
010,passive,parietal,N1_frp,1152,2.138157
010,passive,parietal,P2_frp,1152,-0.020442
010,passive,parietal,Late_frp,1152,0.063274
010,passive,frontal,lambda,1152,-2.645271
010,passive,frontal,P1_frp,1152,-2.375536
010,passive,frontal,N1_frp,1152,0.910781
010,passive,frontal,P2_frp,1152,-0.389157
010,passive,frontal,Late_frp,1152,0.783828
010,constant,occipital,lambda,1168,-0.467406
010,constant,occipital,P1_frp,1168,-0.593572
010,constant,occipital,N1_frp,1168,1.06753
010,constant,occipital,P2_frp,1168,0.144842
010,constant,occipital,Late_frp,1168,-0.490968
010,constant,posterior,lambda,1168,-1.288117
010,constant,posterior,P1_frp,1168,-0.781119
010,constant,posterior,N1_frp,1168,1.404805
010,constant,posterior,P2_frp,1168,0.034431
010,constant,posterior,Late_frp,1168,-0.534499
010,constant,parietal,lambda,1168,-2.495801
010,constant,parietal,P1_frp,1168,-1.710122
010,constant,parietal,N1_frp,1168,1.697549
010,constant,parietal,P2_frp,1168,-0.142228
010,constant,parietal,Late_frp,1168,-0.494604
010,constant,frontal,lambda,1168,-1.982514
010,constant,frontal,P1_frp,1168,-1.858082
010,constant,frontal,N1_frp,1168,0.456489
010,constant,frontal,P2_frp,1168,-0.698578
010,constant,frontal,Late_frp,1168,-0.14197
011,active,occipital,lambda,586,5.054081
011,active,occipital,P1_frp,586,4.349248
011,active,occipital,N1_frp,586,-0.781845
011,active,occipital,P2_frp,586,-0.393988
011,active,occipital,Late_frp,586,-1.20857
011,active,posterior,lambda,586,1.884373
011,active,posterior,P1_frp,586,3.399033
011,active,posterior,N1_frp,586,0.446137
011,active,posterior,P2_frp,586,-0.568996
011,active,posterior,Late_frp,586,-1.424112
011,active,parietal,lambda,586,-2.446034
011,active,parietal,P1_frp,586,0.199568
011,active,parietal,N1_frp,586,1.638969
011,active,parietal,P2_frp,586,-0.470433
011,active,parietal,Late_frp,586,-0.537123
011,active,frontal,lambda,586,-3.360821
011,active,frontal,P1_frp,586,-2.134629
011,active,frontal,N1_frp,586,1.527481
011,active,frontal,P2_frp,586,0.093806
011,active,frontal,Late_frp,586,0.742524
011,passive,occipital,lambda,618,4.635504
011,passive,occipital,P1_frp,618,4.767502
011,passive,occipital,N1_frp,618,-1.195566
011,passive,occipital,P2_frp,618,-0.315018
011,passive,occipital,Late_frp,618,-1.584333
011,passive,posterior,lambda,618,1.790134
011,passive,posterior,P1_frp,618,3.739118
011,passive,posterior,N1_frp,618,0.169828
011,passive,posterior,P2_frp,618,-0.477853
011,passive,posterior,Late_frp,618,-1.709174
011,passive,parietal,lambda,618,-1.959297
011,passive,parietal,P1_frp,618,0.444831
011,passive,parietal,N1_frp,618,1.523571
011,passive,parietal,P2_frp,618,-0.689771
011,passive,parietal,Late_frp,618,-0.916453
011,passive,frontal,lambda,618,-2.666783
011,passive,frontal,P1_frp,618,-1.918971
011,passive,frontal,N1_frp,618,1.703757
011,passive,frontal,P2_frp,618,-0.436698
011,passive,frontal,Late_frp,618,0.335597
011,constant,occipital,lambda,915,4.270442
011,constant,occipital,P1_frp,915,5.297627
011,constant,occipital,N1_frp,915,0.611732
011,constant,occipital,P2_frp,915,0.764572
011,constant,occipital,Late_frp,915,0.059073
011,constant,posterior,lambda,915,1.73324
011,constant,posterior,P1_frp,915,4.359893
011,constant,posterior,N1_frp,915,1.885228
011,constant,posterior,P2_frp,915,0.73881
011,constant,posterior,Late_frp,915,-0.139214
011,constant,parietal,lambda,915,-1.387456
011,constant,parietal,P1_frp,915,1.01279
011,constant,parietal,N1_frp,915,2.381765
011,constant,parietal,P2_frp,915,0.020421
011,constant,parietal,Late_frp,915,-0.414454
011,constant,frontal,lambda,915,-2.251009
011,constant,frontal,P1_frp,915,-1.878213
011,constant,frontal,N1_frp,915,1.126659
011,constant,frontal,P2_frp,915,-0.607302
011,constant,frontal,Late_frp,915,-0.426905
012,active,occipital,lambda,1017,4.703882
012,active,occipital,P1_frp,1017,1.706889
012,active,occipital,N1_frp,1017,-1.545733
012,active,occipital,P2_frp,1017,-0.700218
012,active,occipital,Late_frp,1017,-1.337559
012,active,posterior,lambda,1017,3.678777
012,active,posterior,P1_frp,1017,1.769052
012,active,posterior,N1_frp,1017,-0.74355
012,active,posterior,P2_frp,1017,-0.936536
012,active,posterior,Late_frp,1017,-1.28771
012,active,parietal,lambda,1017,0.485118
012,active,parietal,P1_frp,1017,0.372233
012,active,parietal,N1_frp,1017,0.741053
012,active,parietal,P2_frp,1017,-0.905083
012,active,parietal,Late_frp,1017,-0.258262
012,active,frontal,lambda,1017,-2.573408
012,active,frontal,P1_frp,1017,-1.299329
012,active,frontal,N1_frp,1017,1.804759
012,active,frontal,P2_frp,1017,0.088862
012,active,frontal,Late_frp,1017,1.855598
012,passive,occipital,lambda,780,3.991506
012,passive,occipital,P1_frp,780,1.841603
012,passive,occipital,N1_frp,780,-2.13696
012,passive,occipital,P2_frp,780,-0.436733
012,passive,occipital,Late_frp,780,-1.270242
012,passive,posterior,lambda,780,2.854404
012,passive,posterior,P1_frp,780,1.600614
012,passive,posterior,N1_frp,780,-1.368635
012,passive,posterior,P2_frp,780,-0.76795
012,passive,posterior,Late_frp,780,-1.323398
012,passive,parietal,lambda,780,0.111567
012,passive,parietal,P1_frp,780,-0.08384
012,passive,parietal,N1_frp,780,0.45395
012,passive,parietal,P2_frp,780,-0.91489
012,passive,parietal,Late_frp,780,-0.416602
012,passive,frontal,lambda,780,-2.586925
012,passive,frontal,P1_frp,780,-1.810351
012,passive,frontal,N1_frp,780,1.876095
012,passive,frontal,P2_frp,780,-0.022011
012,passive,frontal,Late_frp,780,1.66799
012,constant,occipital,lambda,1071,3.421827
012,constant,occipital,P1_frp,1071,1.791443
012,constant,occipital,N1_frp,1071,-0.790378
012,constant,occipital,P2_frp,1071,-0.010237
012,constant,occipital,Late_frp,1071,-0.836435
012,constant,posterior,lambda,1071,2.709363
012,constant,posterior,P1_frp,1071,1.866972
012,constant,posterior,N1_frp,1071,-0.061437
012,constant,posterior,P2_frp,1071,-0.225012
012,constant,posterior,Late_frp,1071,-0.852074
012,constant,parietal,lambda,1071,0.13381
012,constant,parietal,P1_frp,1071,0.093411
012,constant,parietal,N1_frp,1071,0.468739
012,constant,parietal,P2_frp,1071,-1.056387
012,constant,parietal,Late_frp,1071,-1.045023
012,constant,frontal,lambda,1071,-2.032757
012,constant,frontal,P1_frp,1071,-1.540486
012,constant,frontal,N1_frp,1071,0.603084
012,constant,frontal,P2_frp,1071,-1.431996
012,constant,frontal,Late_frp,1071,-0.614209
013,active,occipital,lambda,574,4.729654
013,active,occipital,P1_frp,574,1.652677
013,active,occipital,N1_frp,574,-2.46802
013,active,occipital,P2_frp,574,-1.56064
013,active,occipital,Late_frp,574,-2.679594
013,active,posterior,lambda,574,2.133296
013,active,posterior,P1_frp,574,1.899168
013,active,posterior,N1_frp,574,-0.78036
013,active,posterior,P2_frp,574,-1.735149
013,active,posterior,Late_frp,574,-1.802426
013,active,parietal,lambda,574,-1.226852
013,active,parietal,P1_frp,574,0.170443
013,active,parietal,N1_frp,574,1.113472
013,active,parietal,P2_frp,574,-1.341366
013,active,parietal,Late_frp,574,0.181058
013,active,frontal,lambda,574,-4.63388
013,active,frontal,P1_frp,574,-2.441795
013,active,frontal,N1_frp,574,1.927585
013,active,frontal,P2_frp,574,-0.70822
013,active,frontal,Late_frp,574,1.895955
013,passive,occipital,lambda,638,4.338127
013,passive,occipital,P1_frp,638,2.373764
013,passive,occipital,N1_frp,638,-2.475431
013,passive,occipital,P2_frp,638,-1.206714
013,passive,occipital,Late_frp,638,-2.506195
013,passive,posterior,lambda,638,1.782953
013,passive,posterior,P1_frp,638,2.046027
013,passive,posterior,N1_frp,638,-1.03105
013,passive,posterior,P2_frp,638,-1.449315
013,passive,posterior,Late_frp,638,-1.765505
013,passive,parietal,lambda,638,-1.410921
013,passive,parietal,P1_frp,638,-0.282223
013,passive,parietal,N1_frp,638,0.450428
013,passive,parietal,P2_frp,638,-1.536841
013,passive,parietal,Late_frp,638,-0.195532
013,passive,frontal,lambda,638,-4.297726
013,passive,frontal,P1_frp,638,-2.964192
013,passive,frontal,N1_frp,638,1.345324
013,passive,frontal,P2_frp,638,-1.221497
013,passive,frontal,Late_frp,638,1.325272
013,constant,occipital,lambda,830,3.578218
013,constant,occipital,P1_frp,830,3.154371
013,constant,occipital,N1_frp,830,-0.901757
013,constant,occipital,P2_frp,830,-0.009409
013,constant,occipital,Late_frp,830,-0.712167
013,constant,posterior,lambda,830,1.628499
013,constant,posterior,P1_frp,830,2.427172
013,constant,posterior,N1_frp,830,-0.006821
013,constant,posterior,P2_frp,830,-0.493419
013,constant,posterior,Late_frp,830,-0.50454
013,constant,parietal,lambda,830,-0.629839
013,constant,parietal,P1_frp,830,-0.054075
013,constant,parietal,N1_frp,830,0.906049
013,constant,parietal,P2_frp,830,-0.933345
013,constant,parietal,Late_frp,830,-0.261734
013,constant,frontal,lambda,830,-2.577499
013,constant,frontal,P1_frp,830,-2.653784
013,constant,frontal,N1_frp,830,0.947259
013,constant,frontal,P2_frp,830,-1.03925
013,constant,frontal,Late_frp,830,-0.132002
014,active,occipital,lambda,636,1.840606
014,active,occipital,P1_frp,636,-2.253284
014,active,occipital,N1_frp,636,-0.108537
014,active,occipital,P2_frp,636,-1.235493
014,active,occipital,Late_frp,636,-1.503049
014,active,posterior,lambda,636,1.191385
014,active,posterior,P1_frp,636,-1.126786
014,active,posterior,N1_frp,636,0.502752
014,active,posterior,P2_frp,636,-1.615497
014,active,posterior,Late_frp,636,-1.749655
014,active,parietal,lambda,636,0.267443
014,active,parietal,P1_frp,636,-0.020571
014,active,parietal,N1_frp,636,1.084843
014,active,parietal,P2_frp,636,-1.381913
014,active,parietal,Late_frp,636,-0.664765
014,active,frontal,lambda,636,0.220489
014,active,frontal,P1_frp,636,1.637124
014,active,frontal,N1_frp,636,0.960851
014,active,frontal,P2_frp,636,0.17866
014,active,frontal,Late_frp,636,1.860786
014,passive,occipital,lambda,592,1.894298
014,passive,occipital,P1_frp,592,-2.651441
014,passive,occipital,N1_frp,592,-0.36517
014,passive,occipital,P2_frp,592,-1.093518
014,passive,occipital,Late_frp,592,-1.753597
014,passive,posterior,lambda,592,1.452393
014,passive,posterior,P1_frp,592,-1.05797
014,passive,posterior,N1_frp,592,0.751004
014,passive,posterior,P2_frp,592,-1.109046
014,passive,posterior,Late_frp,592,-1.841191
014,passive,parietal,lambda,592,0.794544
014,passive,parietal,P1_frp,592,0.661027
014,passive,parietal,N1_frp,592,1.719414
014,passive,parietal,P2_frp,592,-0.551802
014,passive,parietal,Late_frp,592,-0.559806
014,passive,frontal,lambda,592,0.117833
014,passive,frontal,P1_frp,592,1.631791
014,passive,frontal,N1_frp,592,1.08491
014,passive,frontal,P2_frp,592,0.160115
014,passive,frontal,Late_frp,592,1.050235
014,constant,occipital,lambda,592,1.744808
014,constant,occipital,P1_frp,592,-1.985099
014,constant,occipital,N1_frp,592,1.251679
014,constant,occipital,P2_frp,592,0.402037
014,constant,occipital,Late_frp,592,-0.310915
014,constant,posterior,lambda,592,1.66765
014,constant,posterior,P1_frp,592,-0.429928
014,constant,posterior,N1_frp,592,2.128806
014,constant,posterior,P2_frp,592,0.568296
014,constant,posterior,Late_frp,592,-0.432516
014,constant,parietal,lambda,592,1.008424
014,constant,parietal,P1_frp,592,0.624565
014,constant,parietal,N1_frp,592,2.279624
014,constant,parietal,P2_frp,592,0.34218
014,constant,parietal,Late_frp,592,-0.692742
014,constant,frontal,lambda,592,0.158077
014,constant,frontal,P1_frp,592,0.881401
014,constant,frontal,N1_frp,592,0.198379
014,constant,frontal,P2_frp,592,-0.496545
014,constant,frontal,Late_frp,592,-0.266711
017,active,occipital,lambda,681,2.70842
017,active,occipital,P1_frp,681,0.423334
017,active,occipital,N1_frp,681,2.524856
017,active,occipital,P2_frp,681,-3.177216
017,active,occipital,Late_frp,681,-3.831132
017,active,posterior,lambda,681,0.463658
017,active,posterior,P1_frp,681,1.175746
017,active,posterior,N1_frp,681,2.811195
017,active,posterior,P2_frp,681,-2.904444
017,active,posterior,Late_frp,681,-3.480494
017,active,parietal,lambda,681,-2.168086
017,active,parietal,P1_frp,681,0.340814
017,active,parietal,N1_frp,681,1.759235
017,active,parietal,P2_frp,681,-1.575288
017,active,parietal,Late_frp,681,-1.09431
017,active,frontal,lambda,681,-2.794605
017,active,frontal,P1_frp,681,-0.270151
017,active,frontal,N1_frp,681,-0.004076
017,active,frontal,P2_frp,681,0.741414
017,active,frontal,Late_frp,681,2.288594
017,passive,occipital,lambda,749,2.421533
017,passive,occipital,P1_frp,749,0.084002
017,passive,occipital,N1_frp,749,2.578376
017,passive,occipital,P2_frp,749,-2.961848
017,passive,occipital,Late_frp,749,-3.844453
017,passive,posterior,lambda,749,0.326069
017,passive,posterior,P1_frp,749,0.917752
017,passive,posterior,N1_frp,749,2.939855
017,passive,posterior,P2_frp,749,-2.615698
017,passive,posterior,Late_frp,749,-3.43238
017,passive,parietal,lambda,749,-1.865913
017,passive,parietal,P1_frp,749,0.308284
017,passive,parietal,N1_frp,749,2.331636
017,passive,parietal,P2_frp,749,-1.552498
017,passive,parietal,Late_frp,749,-1.190198
017,passive,frontal,lambda,749,-2.134315
017,passive,frontal,P1_frp,749,0.087651
017,passive,frontal,N1_frp,749,0.69417
017,passive,frontal,P2_frp,749,0.083659
017,passive,frontal,Late_frp,749,1.807971
017,constant,occipital,lambda,720,2.741241
017,constant,occipital,P1_frp,720,1.916936
017,constant,occipital,N1_frp,720,4.738345
017,constant,occipital,P2_frp,720,-0.337716
017,constant,occipital,Late_frp,720,-1.175434
017,constant,posterior,lambda,720,0.863777
017,constant,posterior,P1_frp,720,2.387004
017,constant,posterior,N1_frp,720,4.336014
017,constant,posterior,P2_frp,720,-0.211152
017,constant,posterior,Late_frp,720,-1.287875
017,constant,parietal,lambda,720,-1.578097
017,constant,parietal,P1_frp,720,0.456866
017,constant,parietal,N1_frp,720,2.603552
017,constant,parietal,P2_frp,720,-0.428789
017,constant,parietal,Late_frp,720,-0.610034
017,constant,frontal,lambda,720,-2.2598
017,constant,frontal,P1_frp,720,-1.04817
017,constant,frontal,N1_frp,720,0.08017
017,constant,frontal,P2_frp,720,-0.340637
017,constant,frontal,Late_frp,720,0.799999
018,active,occipital,lambda,2558,1.366296
018,active,occipital,P1_frp,2558,0.79944
018,active,occipital,N1_frp,2558,0.298925
018,active,occipital,P2_frp,2558,-0.11371
018,active,occipital,Late_frp,2558,-0.50316
018,active,posterior,lambda,2558,0.801021
018,active,posterior,P1_frp,2558,0.798021
018,active,posterior,N1_frp,2558,0.572501
018,active,posterior,P2_frp,2558,-0.269379
018,active,posterior,Late_frp,2558,-0.543966
018,active,parietal,lambda,2558,-0.467521
018,active,parietal,P1_frp,2558,0.045601
018,active,parietal,N1_frp,2558,0.952293
018,active,parietal,P2_frp,2558,-0.610023
018,active,parietal,Late_frp,2558,-0.506452
018,active,frontal,lambda,2558,-1.58131
018,active,frontal,P1_frp,2558,-0.751184
018,active,frontal,N1_frp,2558,0.804211
018,active,frontal,P2_frp,2558,-0.585743
018,active,frontal,Late_frp,2558,0.355904
018,passive,occipital,lambda,2520,0.993275
018,passive,occipital,P1_frp,2520,0.655967
018,passive,occipital,N1_frp,2520,0.169793
018,passive,occipital,P2_frp,2520,-0.270621
018,passive,occipital,Late_frp,2520,-0.937378
018,passive,posterior,lambda,2520,0.436181
018,passive,posterior,P1_frp,2520,0.631243
018,passive,posterior,N1_frp,2520,0.432065
018,passive,posterior,P2_frp,2520,-0.490672
018,passive,posterior,Late_frp,2520,-1.041343
018,passive,parietal,lambda,2520,-0.789954
018,passive,parietal,P1_frp,2520,-0.167996
018,passive,parietal,N1_frp,2520,0.868618
018,passive,parietal,P2_frp,2520,-0.82655
018,passive,parietal,Late_frp,2520,-0.87285
018,passive,frontal,lambda,2520,-1.833774
018,passive,frontal,P1_frp,2520,-1.180196
018,passive,frontal,N1_frp,2520,0.50149
018,passive,frontal,P2_frp,2520,-1.041644
018,passive,frontal,Late_frp,2520,-0.167969
018,constant,occipital,lambda,2484,1.030832
018,constant,occipital,P1_frp,2484,0.520449
018,constant,occipital,N1_frp,2484,0.686872
018,constant,occipital,P2_frp,2484,0.210047
018,constant,occipital,Late_frp,2484,-0.459684
018,constant,posterior,lambda,2484,0.638525
018,constant,posterior,P1_frp,2484,0.653753
018,constant,posterior,N1_frp,2484,0.876641
018,constant,posterior,P2_frp,2484,0.050989
018,constant,posterior,Late_frp,2484,-0.440945
018,constant,parietal,lambda,2484,-0.520288
018,constant,parietal,P1_frp,2484,0.038462
018,constant,parietal,N1_frp,2484,0.950319
018,constant,parietal,P2_frp,2484,-0.638788
018,constant,parietal,Late_frp,2484,-0.633421
018,constant,frontal,lambda,2484,-1.383705
018,constant,frontal,P1_frp,2484,-0.75891
018,constant,frontal,N1_frp,2484,0.236374
018,constant,frontal,P2_frp,2484,-1.042034
018,constant,frontal,Late_frp,2484,-0.120487
019,active,occipital,lambda,584,4.614068
019,active,occipital,P1_frp,584,-0.823155
019,active,occipital,N1_frp,584,0.31706
019,active,occipital,P2_frp,584,-1.287548
019,active,occipital,Late_frp,584,-1.51616
019,active,posterior,lambda,584,1.334053
019,active,posterior,P1_frp,584,-0.035314
019,active,posterior,N1_frp,584,0.909538
019,active,posterior,P2_frp,584,-1.252504
019,active,posterior,Late_frp,584,-1.149803
019,active,parietal,lambda,584,-1.742299
019,active,parietal,P1_frp,584,-0.846681
019,active,parietal,N1_frp,584,1.236318
019,active,parietal,P2_frp,584,-1.130076
019,active,parietal,Late_frp,584,-0.318282
019,active,frontal,lambda,584,-3.814287
019,active,frontal,P1_frp,584,-2.455007
019,active,frontal,N1_frp,584,-0.096428
019,active,frontal,P2_frp,584,-0.465913
019,active,frontal,Late_frp,584,0.923149
019,passive,occipital,lambda,393,4.624797
019,passive,occipital,P1_frp,393,-0.173121
019,passive,occipital,N1_frp,393,0.714279
019,passive,occipital,P2_frp,393,-0.339137
019,passive,occipital,Late_frp,393,-1.074846
019,passive,posterior,lambda,393,1.309582
019,passive,posterior,P1_frp,393,0.068713
019,passive,posterior,N1_frp,393,1.079747
019,passive,posterior,P2_frp,393,-0.610124
019,passive,posterior,Late_frp,393,-0.99429
019,passive,parietal,lambda,393,-1.458341
019,passive,parietal,P1_frp,393,-0.911924
019,passive,parietal,N1_frp,393,1.23659
019,passive,parietal,P2_frp,393,-0.803627
019,passive,parietal,Late_frp,393,-0.450674
019,passive,frontal,lambda,393,-2.499026
019,passive,frontal,P1_frp,393,-1.717799
019,passive,frontal,N1_frp,393,0.219868
019,passive,frontal,P2_frp,393,0.227436
019,passive,frontal,Late_frp,393,1.210682
019,constant,occipital,lambda,566,2.758094
019,constant,occipital,P1_frp,566,1.036224
019,constant,occipital,N1_frp,566,1.369111
019,constant,occipital,P2_frp,566,0.214758
019,constant,occipital,Late_frp,566,-0.926123
019,constant,posterior,lambda,566,0.512138
019,constant,posterior,P1_frp,566,0.77915
019,constant,posterior,N1_frp,566,1.417222
019,constant,posterior,P2_frp,566,0.162155
019,constant,posterior,Late_frp,566,-0.751657
019,constant,parietal,lambda,566,-1.32876
019,constant,parietal,P1_frp,566,-0.339252
019,constant,parietal,N1_frp,566,1.463908
019,constant,parietal,P2_frp,566,-0.133541
019,constant,parietal,Late_frp,566,-0.639696
019,constant,frontal,lambda,566,-1.917593
019,constant,frontal,P1_frp,566,-1.302965
019,constant,frontal,N1_frp,566,0.387179
019,constant,frontal,P2_frp,566,0.144367
019,constant,frontal,Late_frp,566,0.386582
020,active,occipital,lambda,1174,4.445619
020,active,occipital,P1_frp,1174,0.393049
020,active,occipital,N1_frp,1174,-0.25904
020,active,occipital,P2_frp,1174,-1.642432
020,active,occipital,Late_frp,1174,-1.832084
020,active,posterior,lambda,1174,2.107911
020,active,posterior,P1_frp,1174,0.610486
020,active,posterior,N1_frp,1174,0.520461
020,active,posterior,P2_frp,1174,-1.152068
020,active,posterior,Late_frp,1174,-1.086244
020,active,parietal,lambda,1174,-0.992868
020,active,parietal,P1_frp,1174,-0.523215
020,active,parietal,N1_frp,1174,1.079773
020,active,parietal,P2_frp,1174,-0.069933
020,active,parietal,Late_frp,1174,0.621222
020,active,frontal,lambda,1174,-2.672261
020,active,frontal,P1_frp,1174,-1.260837
020,active,frontal,N1_frp,1174,1.127427
020,active,frontal,P2_frp,1174,0.99793
020,active,frontal,Late_frp,1174,2.528607
020,passive,occipital,lambda,1160,3.992389
020,passive,occipital,P1_frp,1160,0.09099
020,passive,occipital,N1_frp,1160,-0.079722
020,passive,occipital,P2_frp,1160,-1.007535
020,passive,occipital,Late_frp,1160,-1.109129
020,passive,posterior,lambda,1160,1.52857
020,passive,posterior,P1_frp,1160,0.074058
020,passive,posterior,N1_frp,1160,0.323209
020,passive,posterior,P2_frp,1160,-0.947767
020,passive,posterior,Late_frp,1160,-0.778201
020,passive,parietal,lambda,1160,-1.45409
020,passive,parietal,P1_frp,1160,-1.304739
020,passive,parietal,N1_frp,1160,0.753042
020,passive,parietal,P2_frp,1160,-0.353978
020,passive,parietal,Late_frp,1160,0.585144
020,passive,frontal,lambda,1160,-2.726295
020,passive,frontal,P1_frp,1160,-1.860058
020,passive,frontal,N1_frp,1160,0.984688
020,passive,frontal,P2_frp,1160,0.863332
020,passive,frontal,Late_frp,1160,2.556478
020,constant,occipital,lambda,1539,3.661566
020,constant,occipital,P1_frp,1539,0.494974
020,constant,occipital,N1_frp,1539,1.004221
020,constant,occipital,P2_frp,1539,-0.002544
020,constant,occipital,Late_frp,1539,-0.31897
020,constant,posterior,lambda,1539,1.586762
020,constant,posterior,P1_frp,1539,0.37787
020,constant,posterior,N1_frp,1539,0.981841
020,constant,posterior,P2_frp,1539,-0.049554
020,constant,posterior,Late_frp,1539,-0.301101
020,constant,parietal,lambda,1539,-0.912448
020,constant,parietal,P1_frp,1539,-0.748336
020,constant,parietal,N1_frp,1539,0.664698
020,constant,parietal,P2_frp,1539,0.043669
020,constant,parietal,Late_frp,1539,0.141574
020,constant,frontal,lambda,1539,-1.803759
020,constant,frontal,P1_frp,1539,-1.273037
020,constant,frontal,N1_frp,1539,0.316555
020,constant,frontal,P2_frp,1539,0.395185
020,constant,frontal,Late_frp,1539,0.909235
021,active,occipital,lambda,1260,2.0337
021,active,occipital,P1_frp,1260,0.301111
021,active,occipital,N1_frp,1260,-0.216304
021,active,occipital,P2_frp,1260,-0.514885
021,active,occipital,Late_frp,1260,-0.638553
021,active,posterior,lambda,1260,1.517412
021,active,posterior,P1_frp,1260,0.054548
021,active,posterior,N1_frp,1260,0.248615
021,active,posterior,P2_frp,1260,-0.769201
021,active,posterior,Late_frp,1260,-0.724646
021,active,parietal,lambda,1260,-1.151586
021,active,parietal,P1_frp,1260,-1.538589
021,active,parietal,N1_frp,1260,1.605738
021,active,parietal,P2_frp,1260,-0.762833
021,active,parietal,Late_frp,1260,-0.209063
021,active,frontal,lambda,1260,-4.432243
021,active,frontal,P1_frp,1260,-2.673867
021,active,frontal,N1_frp,1260,2.775832
021,active,frontal,P2_frp,1260,0.241851
021,active,frontal,Late_frp,1260,1.481706
021,passive,occipital,lambda,943,1.84272
021,passive,occipital,P1_frp,943,0.682198
021,passive,occipital,N1_frp,943,-0.307813
021,passive,occipital,P2_frp,943,-0.336433
021,passive,occipital,Late_frp,943,-1.037836
021,passive,posterior,lambda,943,1.320025
021,passive,posterior,P1_frp,943,0.329567
021,passive,posterior,N1_frp,943,-0.231708
021,passive,posterior,P2_frp,943,-0.792628
021,passive,posterior,Late_frp,943,-1.326944
021,passive,parietal,lambda,943,-1.084239
021,passive,parietal,P1_frp,943,-1.429144
021,passive,parietal,N1_frp,943,0.243574
021,passive,parietal,P2_frp,943,-1.578257
021,passive,parietal,Late_frp,943,-1.34211
021,passive,frontal,lambda,943,-4.020746
021,passive,frontal,P1_frp,943,-2.871961
021,passive,frontal,N1_frp,943,0.751567
021,passive,frontal,P2_frp,943,-1.533542
021,passive,frontal,Late_frp,943,0.05685
021,constant,occipital,lambda,940,1.685001
021,constant,occipital,P1_frp,940,0.457889
021,constant,occipital,N1_frp,940,0.140242
021,constant,occipital,P2_frp,940,-0.107793
021,constant,occipital,Late_frp,940,-0.416679
021,constant,posterior,lambda,940,1.269138
021,constant,posterior,P1_frp,940,0.222587
021,constant,posterior,N1_frp,940,0.278176
021,constant,posterior,P2_frp,940,-0.428773
021,constant,posterior,Late_frp,940,-0.620903
021,constant,parietal,lambda,940,-1.180289
021,constant,parietal,P1_frp,940,-1.506942
021,constant,parietal,N1_frp,940,0.466398
021,constant,parietal,P2_frp,940,-1.167075
021,constant,parietal,Late_frp,940,-0.898934
021,constant,frontal,lambda,940,-3.799012
021,constant,frontal,P1_frp,940,-2.744143
021,constant,frontal,N1_frp,940,0.561942
021,constant,frontal,P2_frp,940,-0.90245
021,constant,frontal,Late_frp,940,0.00319
022,active,occipital,lambda,1265,-0.083719
022,active,occipital,P1_frp,1265,1.204386
022,active,occipital,N1_frp,1265,0.428718
022,active,occipital,P2_frp,1265,-1.06846
022,active,occipital,Late_frp,1265,-1.377866
022,active,posterior,lambda,1265,-0.321328
022,active,posterior,P1_frp,1265,0.817923
022,active,posterior,N1_frp,1265,0.490983
022,active,posterior,P2_frp,1265,-0.865518
022,active,posterior,Late_frp,1265,-1.144777
022,active,parietal,lambda,1265,-0.637526
022,active,parietal,P1_frp,1265,-0.234979
022,active,parietal,N1_frp,1265,0.043649
022,active,parietal,P2_frp,1265,-0.558173
022,active,parietal,Late_frp,1265,-0.20439
022,active,frontal,lambda,1265,-0.204312
022,active,frontal,P1_frp,1265,-0.568676
022,active,frontal,N1_frp,1265,-0.754251
022,active,frontal,P2_frp,1265,-0.018554
022,active,frontal,Late_frp,1265,1.133924
022,passive,occipital,lambda,1199,0.018406
022,passive,occipital,P1_frp,1199,0.956385
022,passive,occipital,N1_frp,1199,0.430851
022,passive,occipital,P2_frp,1199,-0.667545
022,passive,occipital,Late_frp,1199,-1.18683
022,passive,posterior,lambda,1199,0.045527
022,passive,posterior,P1_frp,1199,0.716528
022,passive,posterior,N1_frp,1199,0.678541
022,passive,posterior,P2_frp,1199,-0.438574
022,passive,posterior,Late_frp,1199,-0.89256
022,passive,parietal,lambda,1199,-0.161144
022,passive,parietal,P1_frp,1199,-0.421834
022,passive,parietal,N1_frp,1199,0.365008
022,passive,parietal,P2_frp,1199,-0.192221
022,passive,parietal,Late_frp,1199,-0.018444
022,passive,frontal,lambda,1199,-0.044302
022,passive,frontal,P1_frp,1199,-0.87373
022,passive,frontal,N1_frp,1199,-0.448432
022,passive,frontal,P2_frp,1199,0.039312
022,passive,frontal,Late_frp,1199,1.01716
022,constant,occipital,lambda,1037,0.200187
022,constant,occipital,P1_frp,1037,1.494317
022,constant,occipital,N1_frp,1037,1.151402
022,constant,occipital,P2_frp,1037,0.315373
022,constant,occipital,Late_frp,1037,-0.197421
022,constant,posterior,lambda,1037,0.178378
022,constant,posterior,P1_frp,1037,1.267249
022,constant,posterior,N1_frp,1037,1.3707
022,constant,posterior,P2_frp,1037,0.482123
022,constant,posterior,Late_frp,1037,0.1762
022,constant,parietal,lambda,1037,-0.077748
022,constant,parietal,P1_frp,1037,0.027056
022,constant,parietal,N1_frp,1037,0.52378
022,constant,parietal,P2_frp,1037,0.227525
022,constant,parietal,Late_frp,1037,0.388837
022,constant,frontal,lambda,1037,0.137756
022,constant,frontal,P1_frp,1037,-0.546112
022,constant,frontal,N1_frp,1037,-1.055012
022,constant,frontal,P2_frp,1037,0.390186
022,constant,frontal,Late_frp,1037,1.104181
024,active,occipital,lambda,1124,4.112787
024,active,occipital,P1_frp,1124,1.147731
024,active,occipital,N1_frp,1124,0.215062
024,active,occipital,P2_frp,1124,-0.580404
024,active,occipital,Late_frp,1124,-0.84856
024,active,posterior,lambda,1124,0.678893
024,active,posterior,P1_frp,1124,0.98504
024,active,posterior,N1_frp,1124,1.752905
024,active,posterior,P2_frp,1124,-0.522477
024,active,posterior,Late_frp,1124,-0.614007
024,active,parietal,lambda,1124,-2.583671
024,active,parietal,P1_frp,1124,0.034364
024,active,parietal,N1_frp,1124,2.662871
024,active,parietal,P2_frp,1124,0.27159
024,active,parietal,Late_frp,1124,1.07306
024,active,frontal,lambda,1124,-3.72388
024,active,frontal,P1_frp,1124,-1.626986
024,active,frontal,N1_frp,1124,0.923954
024,active,frontal,P2_frp,1124,0.470791
024,active,frontal,Late_frp,1124,2.131671
024,passive,occipital,lambda,1217,4.278935
024,passive,occipital,P1_frp,1217,1.074934
024,passive,occipital,N1_frp,1217,-0.330809
024,passive,occipital,P2_frp,1217,-0.584057
024,passive,occipital,Late_frp,1217,-0.913889
024,passive,posterior,lambda,1217,0.818988
024,passive,posterior,P1_frp,1217,0.91074
024,passive,posterior,N1_frp,1217,1.158194
024,passive,posterior,P2_frp,1217,-0.638083
024,passive,posterior,Late_frp,1217,-0.724072
024,passive,parietal,lambda,1217,-2.485427
024,passive,parietal,P1_frp,1217,-0.296683
024,passive,parietal,N1_frp,1217,2.07954
024,passive,parietal,P2_frp,1217,-0.138829
024,passive,parietal,Late_frp,1217,0.651266
024,passive,frontal,lambda,1217,-3.562993
024,passive,frontal,P1_frp,1217,-1.882704
024,passive,frontal,N1_frp,1217,1.118233
024,passive,frontal,P2_frp,1217,0.444233
024,passive,frontal,Late_frp,1217,2.033899
024,constant,occipital,lambda,1556,3.81311
024,constant,occipital,P1_frp,1556,1.004268
024,constant,occipital,N1_frp,1556,0.239941
024,constant,occipital,P2_frp,1556,-0.053192
024,constant,occipital,Late_frp,1556,-0.324092
024,constant,posterior,lambda,1556,0.549778
024,constant,posterior,P1_frp,1556,0.412765
024,constant,posterior,N1_frp,1556,1.168977
024,constant,posterior,P2_frp,1556,-0.477412
024,constant,posterior,Late_frp,1556,-0.45897
024,constant,parietal,lambda,1556,-2.476174
024,constant,parietal,P1_frp,1556,-0.850195
024,constant,parietal,N1_frp,1556,1.258306
024,constant,parietal,P2_frp,1556,-0.811734
024,constant,parietal,Late_frp,1556,-0.465165
024,constant,frontal,lambda,1556,-3.347282
024,constant,frontal,P1_frp,1556,-1.70925
024,constant,frontal,N1_frp,1556,-0.02626
024,constant,frontal,P2_frp,1556,-0.601524
024,constant,frontal,Late_frp,1556,-0.045051
025,active,occipital,lambda,1241,3.473556
025,active,occipital,P1_frp,1241,2.293304
025,active,occipital,N1_frp,1241,-0.085936
025,active,occipital,P2_frp,1241,-0.610008
025,active,occipital,Late_frp,1241,-1.110799
025,active,posterior,lambda,1241,2.984084
025,active,posterior,P1_frp,1241,2.266225
025,active,posterior,N1_frp,1241,0.696675
025,active,posterior,P2_frp,1241,-0.774975
025,active,posterior,Late_frp,1241,-1.258453
025,active,parietal,lambda,1241,0.785714
025,active,parietal,P1_frp,1241,-0.002032
025,active,parietal,N1_frp,1241,2.24025
025,active,parietal,P2_frp,1241,-0.517151
025,active,parietal,Late_frp,1241,-0.578105
025,active,frontal,lambda,1241,-1.544162
025,active,frontal,P1_frp,1241,-1.92358
025,active,frontal,N1_frp,1241,2.010644
025,active,frontal,P2_frp,1241,0.754993
025,active,frontal,Late_frp,1241,1.940808
025,passive,occipital,lambda,1539,3.345998
025,passive,occipital,P1_frp,1539,2.216791
025,passive,occipital,N1_frp,1539,-0.306982
025,passive,occipital,P2_frp,1539,-0.606337
025,passive,occipital,Late_frp,1539,-1.095246
025,passive,posterior,lambda,1539,2.837302
025,passive,posterior,P1_frp,1539,2.140859
025,passive,posterior,N1_frp,1539,0.492604
025,passive,posterior,P2_frp,1539,-0.758221
025,passive,posterior,Late_frp,1539,-1.202817
025,passive,parietal,lambda,1539,0.516191
025,passive,parietal,P1_frp,1539,-0.490516
025,passive,parietal,N1_frp,1539,1.995118
025,passive,parietal,P2_frp,1539,-0.560272
025,passive,parietal,Late_frp,1539,-0.761194
025,passive,frontal,lambda,1539,-2.058176
025,passive,frontal,P1_frp,1539,-2.804208
025,passive,frontal,N1_frp,1539,1.70247
025,passive,frontal,P2_frp,1539,0.587501
025,passive,frontal,Late_frp,1539,1.213182
025,constant,occipital,lambda,1660,3.174092
025,constant,occipital,P1_frp,1660,2.260141
025,constant,occipital,N1_frp,1660,0.298517
025,constant,occipital,P2_frp,1660,0.040947
025,constant,occipital,Late_frp,1660,-0.222875
025,constant,posterior,lambda,1660,2.489008
025,constant,posterior,P1_frp,1660,2.086731
025,constant,posterior,N1_frp,1660,1.123035
025,constant,posterior,P2_frp,1660,-0.051702
025,constant,posterior,Late_frp,1660,-0.343094
025,constant,parietal,lambda,1660,-0.141058
025,constant,parietal,P1_frp,1660,-0.596288
025,constant,parietal,N1_frp,1660,2.394072
025,constant,parietal,P2_frp,1660,-0.139892
025,constant,parietal,Late_frp,1660,-0.568319
025,constant,frontal,lambda,1660,-1.97228
025,constant,frontal,P1_frp,1660,-2.583947
025,constant,frontal,N1_frp,1660,1.369953
025,constant,frontal,P2_frp,1660,0.111657
025,constant,frontal,Late_frp,1660,0.117702
026,active,occipital,lambda,901,5.353262
026,active,occipital,P1_frp,901,0.994094
026,active,occipital,N1_frp,901,-3.163097
026,active,occipital,P2_frp,901,0.591572
026,active,occipital,Late_frp,901,-1.322744
026,active,posterior,lambda,901,4.671847
026,active,posterior,P1_frp,901,1.564691
026,active,posterior,N1_frp,901,-2.361073
026,active,posterior,P2_frp,901,0.4322
026,active,posterior,Late_frp,901,-1.199788
026,active,parietal,lambda,901,1.444302
026,active,parietal,P1_frp,901,-0.294052
026,active,parietal,N1_frp,901,-0.170513
026,active,parietal,P2_frp,901,-0.268578
026,active,parietal,Late_frp,901,-0.185961
026,active,frontal,lambda,901,-4.047564
026,active,frontal,P1_frp,901,-3.127757
026,active,frontal,N1_frp,901,1.13125
026,active,frontal,P2_frp,901,-1.766494
026,active,frontal,Late_frp,901,0.630544
026,passive,occipital,lambda,761,4.730876
026,passive,occipital,P1_frp,761,0.907249
026,passive,occipital,N1_frp,761,-2.974786
026,passive,occipital,P2_frp,761,1.169227
026,passive,occipital,Late_frp,761,-0.77397
026,passive,posterior,lambda,761,4.145976
026,passive,posterior,P1_frp,761,1.364483
026,passive,posterior,N1_frp,761,-2.12049
026,passive,posterior,P2_frp,761,0.9779
026,passive,posterior,Late_frp,761,-0.72037
026,passive,parietal,lambda,761,1.127906
026,passive,parietal,P1_frp,761,-0.226547
026,passive,parietal,N1_frp,761,0.290116
026,passive,parietal,P2_frp,761,0.351634
026,passive,parietal,Late_frp,761,0.547984
026,passive,frontal,lambda,761,-3.409595
026,passive,frontal,P1_frp,761,-2.775823
026,passive,frontal,N1_frp,761,1.410879
026,passive,frontal,P2_frp,761,-1.319705
026,passive,frontal,Late_frp,761,1.354898
026,constant,occipital,lambda,671,2.498984
026,constant,occipital,P1_frp,671,-0.12169
026,constant,occipital,N1_frp,671,-1.786955
026,constant,occipital,P2_frp,671,1.327296
026,constant,occipital,Late_frp,671,-0.512888
026,constant,posterior,lambda,671,2.498646
026,constant,posterior,P1_frp,671,0.274957
026,constant,posterior,N1_frp,671,-1.320796
026,constant,posterior,P2_frp,671,0.989371
026,constant,posterior,Late_frp,671,-0.591931
026,constant,parietal,lambda,671,1.178451
026,constant,parietal,P1_frp,671,-0.405128
026,constant,parietal,N1_frp,671,0.276205
026,constant,parietal,P2_frp,671,-0.193833
026,constant,parietal,Late_frp,671,-0.510836
026,constant,frontal,lambda,671,-1.422718
026,constant,frontal,P1_frp,671,-0.712953
026,constant,frontal,N1_frp,671,1.229257
026,constant,frontal,P2_frp,671,-1.209111
026,constant,frontal,Late_frp,671,0.456309
